# Version 1.8.0 / 2024-07-22,,Changes since last version are marked with a yellow background / Änderungen seit der letzten Version sind mit einem gelben Hintergrund markiert.,,,,,,,,
Type,Group,Source,Destination,Filter,Title,Parent,Title DE,Parent DE,Last Update (Version),Last Update (Date)
# Posts,,,,,,,,,,
,,,,,,,,,,
post,,freitexte->objekttitel,post_title,,,,,,,
"# „freitexte->objektbeschreibung“, „freitexte->lage“, „freitexte->ausstatt_beschr“ and „freitexte->sonstige_angaben“ will be concatenated into the main property description field (post_content).",,,,,,,,,,
"# „freitexte->objektbeschreibung“, „freitexte->lage“, „freitexte->ausstatt_beschr“ und „freitexte->sonstige_angaben“ werden in im Haupt-Beschreibungsfeld der Immobilie (post_content) zusammengefügt.",,,,,,,,,,
post,,freitexte->objektbeschreibung+,post_content,,,,,,,
post,,freitexte->lage+,post_content,,,,,,,
post,,freitexte->ausstatt_beschr+,post_content,,,,,,,
post,,freitexte->sonstige_angaben+,post_content,,,,,,,
post,,freitexte->dreizeiler,post_excerpt,,,,,,,
,,,,,,,,,,
# Taxonomies,,,,,,,,,,
,,,,,,,,,,
taxonomy,,objektkategorie->nutzungsart:WOHNEN,listing-category,,Living Properties,,Wohnimmobilien,,,
taxonomy,,objektkategorie->nutzungsart:GEWERBE,listing-category,,Commercial Properties,,Gewerbeimmobilien,,,
taxonomy,,objektkategorie->nutzungsart:ANLAGE,listing-category,,Investment,,Kapitalanlage,,,
taxonomy,,objektkategorie->nutzungsart:WAZ,listing-category,,Temporary Living,,Wohnen auf Zeit,,,
,,,,,,,,,,
taxonomy,,geo->ort,location,,,,,,,
,,,,,,,,,,
taxonomy,,objektkategorie->objektart->zimmer,listing-type,,Single Room,Single Rooms,Zimmer,Zimmer,,
taxonomy,,objektkategorie->objektart->wohnung,listing-type,,Flat,Flats,Wohnung,Wohnungen,,
taxonomy,,objektkategorie->objektart->wohnung:wohnungtyp:KEINE_ANGABE,listing-type,,Flat,Flats,Wohnung,Wohnungen,,
taxonomy,,objektkategorie->objektart->wohnung:wohnungtyp:DACHGESCHOSS,listing-type,,Attic Flat,Flats,DG-Wohnung,Wohnungen,,
taxonomy,,objektkategorie->objektart->wohnung:wohnungtyp:MAISONETTE,listing-type,,Maisonette,Flats,Maisonette-Wohnung,Wohnungen,,
taxonomy,,objektkategorie->objektart->wohnung:wohnungtyp:LOFT-STUDIO-ATELIER,listing-type,,Loft / Studio / Atelier,Flats,Loft / Studio / Atelier,Wohnungen,,
taxonomy,,objektkategorie->objektart->wohnung:wohnungtyp:PENTHOUSE,listing-type,,Penthouse Flat,Flats,Penthouse-Wohnung,Wohnungen,,
taxonomy,,objektkategorie->objektart->wohnung:wohnungtyp:TERRASSEN,listing-type,,Terrace Flat,Flats,Terrassenwohnung,Wohnungen,,
taxonomy,,objektkategorie->objektart->wohnung:wohnungtyp:ETAGE,listing-type,,Apartment,Flats,Etagenwohnung,Wohnungen,,
taxonomy,,objektkategorie->objektart->wohnung:wohnungtyp:ERDGESCHOSS,listing-type,,Ground-floor Flat,Flats,Erdgeschosswohnung,Wohnungen,,
taxonomy,,objektkategorie->objektart->wohnung:wohnungtyp:SOUTERRAIN,listing-type,,Basement Flat,Flats,Souterrainwohnung,Wohnungen,,
taxonomy,,objektkategorie->objektart->wohnung:wohnungtyp:APARTMENT,listing-type,,Apartment,Flats,Apartment,Wohnungen,,
taxonomy,,objektkategorie->objektart->wohnung:wohnungtyp:FERIENWOHNUNG,listing-type,,Holiday Flat,Flats,Ferienwohnung,Wohnungen,,
taxonomy,,objektkategorie->objektart->wohnung:wohnungtyp:GALERIE,listing-type,,Gallery Flat,Flats,Galeriewohnung,Wohnungen,,
taxonomy,,objektkategorie->objektart->wohnung:wohnungtyp:ROHDACHBODEN,listing-type,,Raw Attic,Flats,Rohdachboden,Wohnungen,,
taxonomy,,objektkategorie->objektart->wohnung:wohnungtyp:ATTIKAWOHNUNG,listing-type,,Penthouse Apartment,Flats,Attikawohnung,Wohnungen,,
taxonomy,,objektkategorie->objektart->haus,listing-type,,House,Houses,Haus,Häuser,,
taxonomy,,objektkategorie->objektart->haus:haustyp:KEINE_ANGABE,listing-type,,House,Houses,Haus,Häuser,,
taxonomy,,objektkategorie->objektart->haus:haustyp:REIHENHAUS,listing-type,,Row House,Houses,Reihenhaus,Häuser,,
taxonomy,,objektkategorie->objektart->haus:haustyp:REIHENEND,listing-type,,End Unit,Houses,Reihenendhaus,Häuser,,
taxonomy,,objektkategorie->objektart->haus:haustyp:REIHENMITTEL,listing-type,,Mid-terrace Town House,Houses,Reihenmittelhaus,Häuser,,
taxonomy,,objektkategorie->objektart->haus:haustyp:REIHENECK,listing-type,,End Unit,Houses,Reiheneckhaus,Häuser,,
taxonomy,,objektkategorie->objektart->haus:haustyp:DOPPELHAUSHAELFTE,listing-type,,Semi-detached House,Houses,Doppelhaushälfte,Häuser,,
taxonomy,,objektkategorie->objektart->haus:haustyp:EINFAMILIENHAUS,listing-type,,Single-family House,Houses,Einfamilienhaus,Häuser,,
taxonomy,,objektkategorie->objektart->haus:haustyp:STADTHAUS,listing-type,,Town House,Houses,Stadthaus,Häuser,,
taxonomy,,objektkategorie->objektart->haus:haustyp:BUNGALOW,listing-type,,Bungalow,Houses,Bungalow,Häuser,,
taxonomy,,objektkategorie->objektart->haus:haustyp:VILLA,listing-type,,Villa,Houses,Villa,Häuser,,
taxonomy,,objektkategorie->objektart->haus:haustyp:RESTHOF,listing-type,,Farm,Houses,Resthof,Häuser,,
taxonomy,,objektkategorie->objektart->haus:haustyp:BAUERNHAUS,listing-type,,Farm House,Houses,Bauernhaus,Häuser,,
taxonomy,,objektkategorie->objektart->haus:haustyp:LANDHAUS,listing-type,,Country House,Houses,Landhaus,Häuser,,
taxonomy,,objektkategorie->objektart->haus:haustyp:SCHLOSS,listing-type,,Castle,Houses,Schloss,Häuser,,
taxonomy,,objektkategorie->objektart->haus:haustyp:ZWEIFAMILIENHAUS,listing-type,,Two Family House,Houses,Zweifamilienhaus,Häuser,1.7.4,2023-10-25
taxonomy,,objektkategorie->objektart->haus:haustyp:MEHRFAMILIENHAUS,listing-type,,Multi-family House,Houses,Mehrfamilienhaus,Häuser,,
taxonomy,,objektkategorie->objektart->haus:haustyp:FERIENHAUS,listing-type,,Holiday Home,Houses,Ferienhaus,Häuser,,
taxonomy,,objektkategorie->objektart->haus:haustyp:BERGHUETTE,listing-type,,Mountain Hut,Houses,Berghütte,Häuser,,
taxonomy,,objektkategorie->objektart->haus:haustyp:CHALET,listing-type,,Chalet,Houses,Chalet,Häuser,,
taxonomy,,objektkategorie->objektart->haus:haustyp:STRANDHAUS,listing-type,,Beach Home,Houses,Strandhaus,Häuser,,
taxonomy,,objektkategorie->objektart->haus:haustyp:LAUBE-DATSCHE-GARTENHAUS,listing-type,,Pergola / Weekend home / Summerhouse,Houses,Laube / Datsche / Gartenhaus,Häuser,,
taxonomy,,objektkategorie->objektart->haus:haustyp:APARTMENTHAUS,listing-type,,Apartment House,Houses,Apartmenthaus,Häuser,,
taxonomy,,objektkategorie->objektart->haus:haustyp:BURG,listing-type,,Castle,Houses,Burg,Häuser,,
taxonomy,,objektkategorie->objektart->haus:haustyp:HERRENHAUS,listing-type,,Mansion,Houses,Herrenhaus,Häuser,,
taxonomy,,objektkategorie->objektart->haus:haustyp:FINCA,listing-type,,Finca,Houses,Finca,Häuser,,
taxonomy,,objektkategorie->objektart->haus:haustyp:RUSTICO,listing-type,,Rustico,Houses,Rustico,Häuser,,
taxonomy,,objektkategorie->objektart->haus:haustyp:FERTIGHAUS,listing-type,,Prefabricated House,Houses,Fertighaus,Häuser,,
taxonomy,,objektkategorie->objektart->grundstueck,listing-type,,Lot,Lots,Grundstück,Grundstücke,,
taxonomy,,objektkategorie->objektart->grundstueck:grundst_typ:WOHNEN,listing-type,,Residential Lot,Lots,Grundstück (Wohnbebauung),Grundstücke,,
taxonomy,,objektkategorie->objektart->grundstueck:grundst_typ:GEWERBE,listing-type,,Commercial Lot,Lots,Grundstück (Gewerbe),Grundstücke,,
taxonomy,,objektkategorie->objektart->grundstueck:grundst_typ:INDUSTRIE,listing-type,,Industrial Lot,Lots,Industriegrundstück,Grundstücke,,
taxonomy,,objektkategorie->objektart->grundstueck:grundst_typ:LAND_FORSTWIRTSCHAFT,listing-type,,Agricultural Lot,Lots,Grundstück (Land- und Forstwirtschaft),Grundstücke,,
taxonomy,,objektkategorie->objektart->grundstueck:grundst_typ:LAND_FORSTWIRSCHAFT,listing-type,,Agricultural Lot,Lots,Grundstück (Land- und Forstwirtschaft),Grundstücke,1.4.1,2018-07-26
taxonomy,,objektkategorie->objektart->grundstueck:grundst_typ:FREIZEIT,listing-type,,Recreational Lot,Lots,Freizeitgrundstück,Grundstücke,,
taxonomy,,objektkategorie->objektart->grundstueck:grundst_typ:GEMISCHT,listing-type,,Mixed Lot,Lots,Grundstück (Gemischt),Grundstücke,,
taxonomy,,objektkategorie->objektart->grundstueck:grundst_typ:GEWERBEPARK,listing-type,,Commercial Park,Lots,Gewerbepark,Grundstücke,,
taxonomy,,objektkategorie->objektart->grundstueck:grundst_typ:SONDERNUTZUNG,listing-type,,Lot (Special Use),Lots,Grundstück (Sondernutzung),Grundstücke,,
taxonomy,,objektkategorie->objektart->grundstueck:grundst_typ:SEE_LIEGENSCHAFT,listing-type,,Waterside Property,Lots,Grundstück (See-Liegenschaft),Grundstücke,,
taxonomy,,objektkategorie->objektart->buero_praxen,listing-type,,Office,Commercial Properties,Büro / Praxis,Gewerbeobjekte,,
taxonomy,,objektkategorie->objektart->buero_praxen:buero_typ:BUEROFLAECHE,listing-type,,Office Space,Commercial Properties,Bürofläche,Gewerbeobjekte,,
taxonomy,,objektkategorie->objektart->buero_praxen:buero_typ:BUEROHAUS,listing-type,,Office Building,Commercial Properties,Bürohaus,Gewerbeobjekte,,
taxonomy,,objektkategorie->objektart->buero_praxen:buero_typ:BUEROZENTRUM,listing-type,,Office Center,Commercial Properties,Bürozentrum,Gewerbeobjekte,,
taxonomy,,objektkategorie->objektart->buero_praxen:buero_typ:LOFT_ATELIER,listing-type,,Loft / Atelier,Commercial Properties,Loft / Atelier,Gewerbeobjekte,,
taxonomy,,objektkategorie->objektart->buero_praxen:buero_typ:PRAXIS,listing-type,,Office,Commercial Properties,Praxis,Gewerbeobjekte,,
taxonomy,,objektkategorie->objektart->buero_praxen:buero_typ:PRAXISFLAECHE,listing-type,,Office Space,Commercial Properties,Praxisfläche,Gewerbeobjekte,,
taxonomy,,objektkategorie->objektart->buero_praxen:buero_typ:PRAXISHAUS,listing-type,,Office Building,Commercial Properties,Praxishaus,Gewerbeobjekte,,
taxonomy,,objektkategorie->objektart->buero_praxen:buero_typ:AUSSTELLUNGSFLAECHE,listing-type,,Exhibition Space,Commercial Properties,Ausstellungsfläche,Gewerbeobjekte,,
taxonomy,,objektkategorie->objektart->buero_praxen:buero_typ:COWORKING,listing-type,,Coworking,Commercial Properties,Co-Working,Gewerbeobjekte,,
taxonomy,,objektkategorie->objektart->buero_praxen:buero_typ:SHARED_OFFICE,listing-type,,Shared Office,Commercial Properties,Gemeinschaftsbüro,Gewerbeobjekte,,
taxonomy,,objektkategorie->objektart->einzelhandel,listing-type,,Retail,Commercial Properties,Einzelhandel,Gewerbeobjekte,,
taxonomy,,objektkategorie->objektart->einzelhandel:handel_typ:LADENLOKAL,listing-type,,Shop,Commercial Properties,Ladenlokal,Gewerbeobjekte,,
taxonomy,,objektkategorie->objektart->einzelhandel:handel_typ:EINZELHANDELSLADEN,listing-type,,Retail Store,Commercial Properties,Einzelhandelsladen,Gewerbeobjekte,,
taxonomy,,objektkategorie->objektart->einzelhandel:handel_typ:VERBRAUCHERMARKT,listing-type,,Store,Commercial Properties,Verbrauchermarkt,Gewerbeobjekte,,
taxonomy,,objektkategorie->objektart->einzelhandel:handel_typ:EINKAUFSZENTRUM,listing-type,,Mall,Commercial Properties,Einkaufszentrum,Gewerbeobjekte,,
taxonomy,,objektkategorie->objektart->einzelhandel:handel_typ:KAUFHAUS,listing-type,,Department Store,Commercial Properties,Kaufhaus,Gewerbeobjekte,,
taxonomy,,objektkategorie->objektart->einzelhandel:handel_typ:FACTORY_OUTLET,listing-type,,Factory Outlet,Commercial Properties,Factory Outlet,Gewerbeobjekte,,
taxonomy,,objektkategorie->objektart->einzelhandel:handel_typ:KIOSK,listing-type,,Kiosk,Commercial Properties,Kiosk,Gewerbeobjekte,,
taxonomy,,objektkategorie->objektart->einzelhandel:handel_typ:VERKAUFSFLAECHE,listing-type,,Selling Space,Commercial Properties,Verkaufsfläche,Gewerbeobjekte,,
taxonomy,,objektkategorie->objektart->einzelhandel:handel_typ:AUSSTELLUNGSFLAECHE,listing-type,,Exhibition Space,Commercial Properties,Ausstellungsfläche,Gewerbeobjekte,,
taxonomy,,objektkategorie->objektart->gastgewerbe,listing-type,,Hospitality Industry,Catering and Hotel Properties,Gastgewerbe,Gastronomie- und Hotellerie,1.0.3,2016-03-30
taxonomy,,objektkategorie->objektart->gastgewerbe:gastgew_typ:GASTRONOMIE,listing-type,,Gastronomy,Catering and Hotel Properties,Gastronomie,Gastronomie- und Hotellerie,1.0.3,2016-03-30
taxonomy,,objektkategorie->objektart->gastgewerbe:gastgew_typ:GASTRONOMIE_UND_WOHNUNG,listing-type,,Gastronomy and Flat,Catering and Hotel Properties,Gastronomie und Wohnung,Gastronomie- und Hotellerie,1.0.3,2016-03-30
taxonomy,,objektkategorie->objektart->gastgewerbe:gastgew_typ:PENSIONEN,listing-type,,Pension,Catering and Hotel Properties,Pension,Gastronomie- und Hotellerie,1.0.3,2016-03-30
taxonomy,,objektkategorie->objektart->gastgewerbe:gastgew_typ:HOTELS,listing-type,,Hotel,Catering and Hotel Properties,Hotel,Gastronomie- und Hotellerie,1.0.3,2016-03-30
taxonomy,,objektkategorie->objektart->gastgewerbe:gastgew_typ:WEITERE_BEHERBERGUNGSBETRIEBE,listing-type,,Other Lodging Establishments,Catering and Hotel Properties,Beherbergungsbetrieb,Gastronomie- und Hotellerie,1.0.3,2016-03-30
taxonomy,,objektkategorie->objektart->gastgewerbe:gastgew_typ:BAR,listing-type,,Bar,Catering and Hotel Properties,Bar,Gastronomie- und Hotellerie,1.0.3,2016-03-30
taxonomy,,objektkategorie->objektart->gastgewerbe:gastgew_typ:CAFE,listing-type,,Café,Catering and Hotel Properties,Café,Gastronomie- und Hotellerie,1.0.3,2016-03-30
taxonomy,,objektkategorie->objektart->gastgewerbe:gastgew_typ:DISCOTHEK,listing-type,,Discotheque,Catering and Hotel Properties,Discothek,Gastronomie- und Hotellerie,1.0.3,2016-03-30
taxonomy,,objektkategorie->objektart->gastgewerbe:gastgew_typ:RESTAURANT,listing-type,,Restaurant,Catering and Hotel Properties,Restaurant,Gastronomie- und Hotellerie,1.0.3,2016-03-30
taxonomy,,objektkategorie->objektart->gastgewerbe:gastgew_typ:RAUCHERLOKAL,listing-type,,Smoker Pub,Catering and Hotel Properties,Raucherlokal,Gastronomie- und Hotellerie,1.0.3,2016-03-30
taxonomy,,objektkategorie->objektart->gastgewerbe:gastgew_typ:EINRAUMLOKAL,listing-type,,Single-room Pub,Catering and Hotel Properties,Einraumlokal,Gastronomie- und Hotellerie,1.0.3,2016-03-30
taxonomy,,objektkategorie->objektart->hallen_lager_prod,listing-type,,Hall / Warehouse / Production,Storage and Production Spaces,Halle / Lager / Produktion,Lager- und Produktionsflächen,,
taxonomy,,objektkategorie->objektart->hallen_lager_prod:hallen_typ:HALLE,listing-type,,Hall,Storage and Production Spaces,Halle,Lager- und Produktionsflächen,,
taxonomy,,objektkategorie->objektart->hallen_lager_prod:hallen_typ:INDUSTRIEHALLE,listing-type,,Industrial Hall,Storage and Production Spaces,Industriehalle,Lager- und Produktionsflächen,,
taxonomy,,objektkategorie->objektart->hallen_lager_prod:hallen_typ:LAGER,listing-type,,Warehouse,Storage and Production Spaces,Lager,Lager- und Produktionsflächen,,
taxonomy,,objektkategorie->objektart->hallen_lager_prod:hallen_typ:LAGERFLAECHEN,listing-type,,Warehousing Space,Storage and Production Spaces,Lagerfläche,Lager- und Produktionsflächen,,
taxonomy,,objektkategorie->objektart->hallen_lager_prod:hallen_typ:LAGER_MIT_FREIFLAECHE,listing-type,,Warehouse with Open Space,Storage and Production Spaces,Lager mit Freifläche,Lager- und Produktionsflächen,,
taxonomy,,objektkategorie->objektart->hallen_lager_prod:hallen_typ:HOCHREGALLAGER,listing-type,,High-bay Warenhouse,Storage and Production Spaces,Hochregallager,Lager- und Produktionsflächen,,
taxonomy,,objektkategorie->objektart->hallen_lager_prod:hallen_typ:SPEDITIONSLAGER,listing-type,,Forwarding Agency Warehouse,Storage and Production Spaces,Speditionslager,Lager- und Produktionsflächen,,
taxonomy,,objektkategorie->objektart->hallen_lager_prod:hallen_typ:PRODUKTION,listing-type,,Production,Storage and Production Spaces,Produktion,Lager- und Produktionsflächen,,
taxonomy,,objektkategorie->objektart->hallen_lager_prod:hallen_typ:WERKSTATT,listing-type,,Workshop,Storage and Production Spaces,Werkstatt,Lager- und Produktionsflächen,,
taxonomy,,objektkategorie->objektart->hallen_lager_prod:hallen_typ:SERVICE,listing-type,,Service,Storage and Production Spaces,Service,Lager- und Produktionsflächen,,
taxonomy,,objektkategorie->objektart->hallen_lager_prod:hallen_typ:FREIFLAECHEN,listing-type,,Open Space,Storage and Production Spaces,Freifläche,Lager- und Produktionsflächen,,
taxonomy,,objektkategorie->objektart->hallen_lager_prod:hallen_typ:KUEHLHAUS,listing-type,,Cold Warehouse,Storage and Production Spaces,Kühlhaus,Lager- und Produktionsflächen,,
taxonomy,,objektkategorie->objektart->land_und_forstwirtschaft,listing-type,,Agriculture and Forestry,Agriculture and Forestry Properties,Land- und Forstwirtschaft,Land- und Forstwirtschaft,,
taxonomy,,objektkategorie->objektart->land_und_forstwirtschaft:land_typ:LANDWIRTSCHAFTLICHE_BETRIEBE,listing-type,,Agricultural Plant,Agriculture and Forestry Properties,Landwirtschaftlicher Betrieb,Land- und Forstwirtschaft,,
taxonomy,,objektkategorie->objektart->land_und_forstwirtschaft:land_typ:BAUERNHOF,listing-type,,Farm,Agriculture and Forestry Properties,Bauernhof,Land- und Forstwirtschaft,,
taxonomy,,objektkategorie->objektart->land_und_forstwirtschaft:land_typ:AUSSIEDLERHOF,listing-type,,Isolated Farmstead,Agriculture and Forestry Properties,Aussiedlerhof,Land- und Forstwirtschaft,,
taxonomy,,objektkategorie->objektart->land_und_forstwirtschaft:land_typ:GARTENBAU,listing-type,,Gardening,Agriculture and Forestry Properties,Gartenbau,Land- und Forstwirtschaft,,
taxonomy,,objektkategorie->objektart->land_und_forstwirtschaft:land_typ:ACKERBAU,listing-type,,Arable Farming,Agriculture and Forestry Properties,Ackerbau,Land- und Forstwirtschaft,,
taxonomy,,objektkategorie->objektart->land_und_forstwirtschaft:land_typ:WEINBAU,listing-type,,Wine-growing,Agriculture and Forestry Properties,Weinbau,Land- und Forstwirtschaft,,
taxonomy,,objektkategorie->objektart->land_und_forstwirtschaft:land_typ:VIEHWIRTSCHAFT,listing-type,,Ranching,Agriculture and Forestry Properties,Viehwirtschaft,Land- und Forstwirtschaft,,
taxonomy,,objektkategorie->objektart->land_und_forstwirtschaft:land_typ:JAGD_UND_FORSTWIRTSCHAFT,listing-type,,Hunting and Forestry,Agriculture and Forestry Properties,Jagd- und Forstwirtschaft,Land- und Forstwirtschaft,,
taxonomy,,objektkategorie->objektart->land_und_forstwirtschaft:land_typ:TEICH_UND_FISCHWIRTSCHAFT,listing-type,,Fish Farming,Agriculture and Forestry Properties,Teich- und Fischwirtschaft,Land- und Forstwirtschaft,,
taxonomy,,objektkategorie->objektart->land_und_forstwirtschaft:land_typ:SCHEUNEN,listing-type,,Barn,Agriculture and Forestry Properties,Scheune,Land- und Forstwirtschaft,,
taxonomy,,objektkategorie->objektart->land_und_forstwirtschaft:land_typ:REITERHOEFE,listing-type,,Equestrian Center,Agriculture and Forestry Properties,Reiterhof,Land- und Forstwirtschaft,,
taxonomy,,objektkategorie->objektart->land_und_forstwirtschaft:land_typ:SONSTIGE_LANDWIRTSCHAFTSIMMOBILIEN,listing-type,,Other Agricultural Properties,Agriculture and Forestry Properties,Sonstige Landwirtschaftsimmobilie,Land- und Forstwirtschaft,,
taxonomy,,objektkategorie->objektart->land_und_forstwirtschaft:land_typ:ANWESEN,listing-type,,Estate,Agriculture and Forestry Properties,Anwesen,Land- und Forstwirtschaft,,
taxonomy,,objektkategorie->objektart->land_und_forstwirtschaft:land_typ:JAGDREVIER,listing-type,,Hunting Ground,Agriculture and Forestry Properties,Jagdrevier,Land- und Forstwirtschaft,,
taxonomy,,objektkategorie->objektart->parken,listing-type,,Parking,Parking Spaces,Parken,Parken,,
taxonomy,,objektkategorie->objektart->parken:parken_typ:STELLPLATZ,listing-type,,Car Space,Parking Spaces,Stellplatz,Parken,,
taxonomy,,objektkategorie->objektart->parken:parken_typ:CARPORT,listing-type,,Carport,Parking Spaces,Carport,Parken,,
taxonomy,,objektkategorie->objektart->parken:parken_typ:DOPPELGARAGE,listing-type,,Double Garage,Parking Spaces,Doppelgarage,Parken,,
taxonomy,,objektkategorie->objektart->parken:parken_typ:DUPLEX,listing-type,,Duplex,Parking Spaces,Duplex,Parken,,
taxonomy,,objektkategorie->objektart->parken:parken_typ:TIEFGARAGE,listing-type,,Deep-level Garage,Parking Spaces,Tiefgarage,Parken,,
taxonomy,,objektkategorie->objektart->parken:parken_typ:BOOTSLIEGEPLATZ,listing-type,,Berth,Parking Spaces,Bootsliegeplatz,Parken,1.4.0,2018-01-02
taxonomy,,objektkategorie->objektart->parken:parken_typ:EINZELGARAGE,listing-type,,Single Garage,Parking Spaces,Einzelgarage,Parken,,
taxonomy,,objektkategorie->objektart->parken:parken_typ:PARKPLATZ,listing-type,,Parking Space,Parking Spaces,Parkplatz,Parken,,
taxonomy,,objektkategorie->objektart->parken:parken_typ:TIEFGARAGENSTELLPLATZ,listing-type,,Deep-level Car Space,Parking Spaces,Tiefgaragenstellplatz,Parken,,
taxonomy,,objektkategorie->objektart->parken:parken_typ:PARKPLATZ_STROM,listing-type,,Car Space with Power Connector,Parking Spaces,Parkplatz mit Stromanschluss,Parken,,
taxonomy,,objektkategorie->objektart->sonstige,listing-type,,Other Property,Miscellaneous Properties,Sonstige Immobilie,Sonstige Immobilien,,
taxonomy,,objektkategorie->objektart->sonstige:sonstige_typ:PARKHAUS,listing-type,,Parking Garage,Miscellaneous Properties,Parkhaus,Sonstige Immobilien,,
taxonomy,,objektkategorie->objektart->sonstige:sonstige_typ:TANKSTELLE,listing-type,,Gas Station,Miscellaneous Properties,Tankstelle,Sonstige Immobilien,,
taxonomy,,objektkategorie->objektart->sonstige:sonstige_typ:KRANKENHAUS,listing-type,,Hospital,Miscellaneous Properties,Krankenhaus,Sonstige Immobilien,,
taxonomy,,objektkategorie->objektart->sonstige:sonstige_typ:SONSTIGE,listing-type,,Other Property,Miscellaneous Properties,Sonstige Immobilie,Sonstige Immobilien,,
taxonomy,,objektkategorie->objektart->freizeitimmobilie_gewerblich,listing-type,,Commercial Recreational Property,Commercial Leisure Properties,Gewerbliche Freizeitimmobilie,Gewerbliche Freizeitimmobilien,,
taxonomy,,objektkategorie->objektart->freizeitimmobilie_gewerblich:freizeit_typ:SPORTANLAGEN,listing-type,,Sports Facility,Commercial Leisure Properties,Sportanlage,Gewerbliche Freizeitimmobilien,,
taxonomy,,objektkategorie->objektart->freizeitimmobilie_gewerblich:freizeit_typ:VERGNUEGUNGSPARKS_UND_CENTER,listing-type,,Theme Park,Commercial Leisure Properties,Vergnügungspark / -center,Gewerbliche Freizeitimmobilien,,
taxonomy,,objektkategorie->objektart->freizeitimmobilie_gewerblich:freizeit_typ:FREIZEITANLAGE,listing-type,,Recreational Facility,Commercial Leisure Properties,Freizeitanlage,Gewerbliche Freizeitimmobilien,,
taxonomy,,objektkategorie->objektart->zinshaus_renditeobjekt,listing-type,,Block of Flats / Income Property,Income Properties,Zinshaus / Renditeobjekt,Renditeobjekte,,
taxonomy,,objektkategorie->objektart->zinshaus_renditeobjekt:zins_typ:MEHRFAMILIENHAUS,listing-type,,Multi-family House,Income Properties,Mehrfamilienhaus,Renditeobjekte,,
taxonomy,,objektkategorie->objektart->zinshaus_renditeobjekt:zins_typ:WOHN_UND_GESCHAEFTSHAUS,listing-type,,Living and Commercial Property,Income Properties,Wohn- und Geschäftshaus,Renditeobjekte,,
taxonomy,,objektkategorie->objektart->zinshaus_renditeobjekt:zins_typ:GESCHAEFTSHAUS,listing-type,,Commercial Property,Income Properties,Geschäftshaus,Renditeobjekte,,
taxonomy,,objektkategorie->objektart->zinshaus_renditeobjekt:zins_typ:BUEROGEBAEUDE,listing-type,,Office Building,Income Properties,Bürogebäude,Renditeobjekte,,
taxonomy,,objektkategorie->objektart->zinshaus_renditeobjekt:zins_typ:SB_MAERKTE,listing-type,,Self-service Market,Income Properties,SB-Markt,Renditeobjekte,,
taxonomy,,objektkategorie->objektart->zinshaus_renditeobjekt:zins_typ:EINKAUFSCENTREN,listing-type,,Mall,Income Properties,Einkaufszentrum,Renditeobjekte,,
taxonomy,,objektkategorie->objektart->zinshaus_renditeobjekt:zins_typ:WOHNANLAGEN,listing-type,,Residential Facility,Income Properties,Wohnanlage,Renditeobjekte,,
taxonomy,,objektkategorie->objektart->zinshaus_renditeobjekt:zins_typ:VERBRAUCHERMAERKTE,listing-type,,Store,Income Properties,Verbrauchermarkt,Renditeobjekte,,
taxonomy,,objektkategorie->objektart->zinshaus_renditeobjekt:zins_typ:INDUSTRIEANLAGEN,listing-type,,Industry Facility,Income Properties,Industrieanlage,Renditeobjekte,,
taxonomy,,objektkategorie->objektart->zinshaus_renditeobjekt:zins_typ:PFLEGEHEIM,listing-type,,Care Home,Income Properties,Pflegeheim,Renditeobjekte,,
taxonomy,,objektkategorie->objektart->zinshaus_renditeobjekt:zins_typ:SANATORIUM,listing-type,,Sanatorium,Income Properties,Sanatorium,Renditeobjekte,,
taxonomy,,objektkategorie->objektart->zinshaus_renditeobjekt:zins_typ:SENIORENHEIM,listing-type,,Retirement Home,Income Properties,Seniorenheim,Renditeobjekte,,
taxonomy,,objektkategorie->objektart->zinshaus_renditeobjekt:zins_typ:BETREUTES-WOHNEN,listing-type,,Assisted Living,Income Properties,Betreutes Wohnen,Renditeobjekte,,
,,,,,,,,,,
taxonomy,,versteigerung->zwangsversteigerung,feature,,Foreclosure Auction,,Zwangsversteigerung,,,
taxonomy,,flaechen->einliegerwohnung,feature,,Granny Flat,,Einliegerwohnung,,,
taxonomy,,ausstattung->wg_geeignet,feature,,Suitable for Flat Share,,WG-geeignet,,,
taxonomy,,ausstattung->raeume_veraenderbar,feature,,Rooms modifiable,,Räume veränderbar,,,
taxonomy,,ausstattung->bad,feature,,Bathroom,,Bad,,,
taxonomy,,ausstattung->kueche,feature,,Kitchen,,Küche,,,
taxonomy,,ausstattung->kamin,feature,,Fireplace,,Kamin,,1.5.0,2020-02-09
taxonomy,,ausstattung->klimatisiert,feature,,Air Condition,,Klimaanlage,,,
taxonomy,,ausstattung->fahrstuhl,feature,,Elevator,,Aufzug,,,
taxonomy,,ausstattung->fahrstuhl:PERSONEN,feature,,Passenger Elevator,,Personenaufzug,,,
taxonomy,,ausstattung->fahrstuhl:LASTEN,feature,,Freight Elevator,,Lastenaufzug,,,
taxonomy,,ausstattung->gartennutzung,feature,,Garden Use,,Gartennutzung,,,
taxonomy,,ausstattung->moebliert,feature,,furnished,,möbliert,,,
taxonomy,,ausstattung->moebliert:moeb:TEIL,feature,,partly furnished,,teilmöbliert,,,
taxonomy,,ausstattung->moebliert:moeb:VOLL,feature,,ready-furnished,,vollmöbliert,,,
taxonomy,,ausstattung->rollstuhlgerecht,feature,,wheelchair-accessible,,rollstuhlgerecht,,,
taxonomy,,ausstattung->kabel_sat_tv,feature,,Cable/Satellite TV,,Kabel/Sat-TV,,,
taxonomy,,ausstattung->dvbt,feature,,Terrestrial Video Broadcasting,,DVBT-Empfang,,,
taxonomy,,ausstattung->barrierefrei,feature,,barrier-free,,barrierefrei,,,
taxonomy,,ausstattung->sauna,feature,,Sauna,,Sauna,,,
taxonomy,,ausstattung->swimmingpool,feature,,Swimming Pool,,Swimmingpool,,,
taxonomy,,ausstattung->wasch_trockenraum,feature,,Washing/Drying Room,,Wasch-/Trockenraum,,,
taxonomy,,ausstattung->wintergarten,feature,,Winter Garden,,Wintergarten,,,
taxonomy,,ausstattung->dv_verkabelung,feature,,Computer Cabling,,DV-Verkabelung,,,
taxonomy,,ausstattung->rampe,feature,,Ramp,,Rampe,,,
taxonomy,,ausstattung->hebebuehne,feature,,Service Lift,,Hebebühne,,,
taxonomy,,ausstattung->kran,feature,,Crane,,Kran,,,
taxonomy,,ausstattung->gastterrasse,feature,,Guest Terrace,,Gastterrasse,,,
taxonomy,,ausstattung->kantine_cafeteria,feature,,Cafeteria,,Kantine / Cafeteria,,,
taxonomy,,ausstattung->teekueche,feature,,Tea Kitchen,,Teeküche,,,
taxonomy,,ausstattung->angeschl_gastronomie,feature,,Connected Gastronomy,,angeschl. Gastronomie,,,
taxonomy,,ausstattung->brauereibindung,feature,,Brewery Commitment,,Brauereibindung,,,
taxonomy,,ausstattung->sporteinrichtungen,feature,,Sports Facilities,,Sporteinrichtungen,,,
taxonomy,,ausstattung->wellnessbereich,feature,,Spa,,Wellnessbereich,,,
taxonomy,,ausstattung->telefon_ferienimmobilie,feature,,Phone in place (Holiday Property),,Telefon vorhanden (Ferienimmobilie),,,
taxonomy,,ausstattung->breitband_zugang,feature,,Broadband Internet Access,,Breitband-Internetzugang,,,
taxonomy,,ausstattung->umts_empfang,feature,,UMTS reception,,UMTS-Empfang,,,
taxonomy,,ausstattung->sicherheitstechnik,feature,,Security Technology,,Sicherheitstechnik,,,
taxonomy,,ausstattung->unterkellert:keller:JA,feature,,Basement,,Keller,,,
#taxonomy,,ausstattung->unterkellert:keller:NEIN,feature,,no Basement,,kein Keller,,1.3.0,42832
taxonomy,,ausstattung->unterkellert:keller:TEIL,feature,,Underground Level (partly),,teilunterkellert,,,
taxonomy,,ausstattung->abstellraum,feature,,Storeroom,,Abstellraum,,,
taxonomy,,ausstattung->fahrradraum,feature,,Bicycle Room,,Fahrradraum,,,
taxonomy,,ausstattung->rolladen,feature,,Shutters,,Rollläden,,1.1.0,2016-07-15
taxonomy,,ausstattung->dachform:KRUEPPELWALMDACH,feature,,Half-hip Roof,,Krüppelwalmdach,,,
taxonomy,,ausstattung->dachform:MANSARDDACH,feature,,Gambrel Roof,,Mansarddach,,,
taxonomy,,ausstattung->dachform:PULTDACH,feature,,Monopitch Roof,,Pultdach,,,
taxonomy,,ausstattung->dachform:SATTELDACH,feature,,Gabled Roof,,Satteldach,,,
taxonomy,,ausstattung->dachform:WALMDACH,feature,,Hip Roof,,Walmdach,,,
taxonomy,,ausstattung->dachform:FLACHDACH,feature,,Flat Roof,,Flachdach,,,
taxonomy,,ausstattung->dachform:PYRAMIDENDACH,feature,,Pyramid Roof,,Pyramidendach,,,
taxonomy,,ausstattung->bauweise:MASSIV,feature,,Massive Construction,,Massivbauweise,,,
taxonomy,,ausstattung->bauweise:FERTIGTEILE,feature,,Finished Part Construction,,Fertigteil-Bauweise,,,
taxonomy,,ausstattung->bauweise:HOLZ,feature,,Timber Construction,,Holzbauweise,,,
taxonomy,,ausstattung->ausbaustufe:BAUSATZHAUS,feature,,Building Kit House,,Bausatzhaus,,,
taxonomy,,ausstattung->ausbaustufe:AUSBAUHAUS,feature,,Bare-bones House,,Ausbauhaus,,,
taxonomy,,ausstattung->ausbaustufe:SCHLUESSELFERTIGMITKELLER,feature,,Turnkey ready with Basement,,schlüsselfertig mit Keller,,,
taxonomy,,ausstattung->ausbaustufe:SCHLUESSELFERTIGOHNEBODENPLATTE,feature,,Turnkey ready without Base Plate,,schlüsselfertig ohne Bodenplatte,,,
taxonomy,,ausstattung->ausbaustufe:SCHLUESSELFERTIGMITBODENPLATTE,feature,,Turnkey ready with Base Plate,,schlüsselfertig mit Bodenplatte,,,
taxonomy,,ausstattung->energietyp:PASSIVHAUS,feature,,Passive House,,Passivhaus,,,
taxonomy,,ausstattung->energietyp:NIEDRIGENERGIE,feature,,Low-energy House,,Niedrigenergiehaus,,,
taxonomy,,ausstattung->energietyp:NEUBAUSTANDARD,feature,,New Building Standard,,Neubaustandard,,,
taxonomy,,ausstattung->energietyp:KFW40,feature,,KFW40,,KFW40,,,
taxonomy,,ausstattung->energietyp:KFW60,feature,,KFW60,,KFW60,,,
taxonomy,,ausstattung->energietyp:KFW55,feature,,KFW55,,KFW55,,,
taxonomy,,ausstattung->energietyp:KFW70,feature,,KFW70,,KFW70,,,
taxonomy,,ausstattung->energietyp:MINERGIEBAUWEISE,feature,,MINERGIE Construction,,MINERGIE-Bauweise,,,
taxonomy,,ausstattung->energietyp:MINERGIE_ZERTIFIZIERT,feature,,MINERGIE Construction (Certified),,MINERGIE-Bauweise (zertifiziert),,,
taxonomy,,ausstattung->bibliothek,feature,,Library,,Bibliothek,,,
taxonomy,,ausstattung->dachboden,feature,,Attic,,Dachboden,,,
taxonomy,,ausstattung->gaestewc,feature,,Guest Toilet,,Gäste-WC,,1.0.1,2016-02-19
taxonomy,,ausstattung->gaeste_wc,feature,,Guest Toilet,,Gäste-WC,,,
taxonomy,,ausstattung->kabelkanaele,feature,,Cable Channels,,Kabelkanäle,,,
taxonomy,,ausstattung->seniorengerecht,feature,,senior-focused,,seniorengerecht,,,
taxonomy,,zustand_angaben->alter:alter_attr:ALTBAU,feature,,Old Building,,Altbau,,,
taxonomy,,zustand_angaben->alter:alter_attr:NEUBAU,feature,,New Building,,Neubau,,,
taxonomy,,zustand_angaben->erschliessung:erschl_attr:UNERSCHLOSSEN,feature,,undeveloped,,unerschlossen,,1.0.3,2016-03-30
taxonomy,,zustand_angaben->erschliessung:erschl_attr:TEILERSCHLOSSEN,feature,,partly developed,,teilerschlossen,,,
taxonomy,,zustand_angaben->erschliessung:erschl_attr:VOLLERSCHLOSSEN,feature,,fully developed,,vollerschlossen,,,
taxonomy,,zustand_angaben->erschliessung:erschl_attr:ORTSUEBLICHERSCHLOSSEN,feature,,developed customary in a place,,ortsüblich erschlossen,,,
taxonomy,,zustand_angaben->erschliessung_umfang:erschl_attr:GAS,feature,,Gas Connection developed,,Gasanschluss vorhanden,,1.5.0,2020-02-09
taxonomy,,zustand_angaben->erschliessung_umfang:erschl_attr:WASSER,feature,,Water Connection developed,,Wasseranschluss vorhanden,,1.5.0,2020-02-09
taxonomy,,zustand_angaben->erschliessung_umfang:erschl_attr:STROM,feature,,Power Connection developed,,Stromanschluss vorhanden,,1.5.0,2020-02-09
taxonomy,,zustand_angaben->erschliessung_umfang:erschl_attr:TK,feature,,Telecommunication developed,,TK-Anschluss vorhanden,,1.5.0,2020-02-09
taxonomy,,zustand_angaben->verkaufstatus:stand:RESERVIERT,feature,,Property is reserved,,Objekt ist reserviert,,,
taxonomy,,infrastruktur->zulieferung,feature,,Delivery,,Zulieferung,,,
taxonomy,,infrastruktur->ausblick:blick:FERNE,feature,,Panoramic View,,Fernblick,,,
taxonomy,,infrastruktur->ausblick:blick:SEE,feature,,Lake View,,Seeblick,,,
taxonomy,,infrastruktur->ausblick:blick:BERGE,feature,,Mountain View,,Bergblick,,,
taxonomy,,infrastruktur->ausblick:blick:MEER,feature,,Sea View,,Meerblick,,,
taxonomy,,verwaltung_objekt->wbs_sozialwohnung,feature,,WBS required,,Wohnberechtigungsschein erforderlich,,,
taxonomy,,verwaltung_objekt->vermietet,feature,,Property is currently rented,,Immobilie ist zurzeit vermietet,,,
taxonomy,,verwaltung_objekt->nichtraucher,feature,,Non-smoking Property,,Nichtraucher-Immobilie,,,
taxonomy,,verwaltung_objekt->haustiere,feature,,Pets permitted,,Haustiere erlaubt,,,
taxonomy,,verwaltung_objekt->geschlecht:geschl_attr:NUR_MANN,feature,,available for Men only,,nur für Männer verfügbar,,,
taxonomy,,verwaltung_objekt->geschlecht:geschl_attr:NUR_FRAU,feature,,available for Women only,,nur für Frauen verfügbar,,,
taxonomy,,verwaltung_objekt->denkmalgeschuetzt,feature,,listed on a Historic Register,,denkmalgeschützt,,,
taxonomy,,verwaltung_objekt->als_ferien,feature,,Leisure Time Use possible,,als Ferienimmobilie nutzbar,,,
taxonomy,,verwaltung_objekt->gewerbliche_nutzung,feature,,Commercial Use possible,,gewerbliche Nutzung möglich,,,
taxonomy,,verwaltung_objekt->hochhaus,feature,,Flat in Apartment Tower,,Wohnung in einem Hochhaus,,,
,,,,,,,,,,
# Custom Fields,,,,,,,,,,
,,,,,,,,,,
custom_field,,objektkategorie->vermarktungsart:ERBPACHT,_price_offer,,rent,,,,,
custom_field,,objektkategorie->vermarktungsart:MIETE_PACHT,_price_offer,,rent,,,,,
custom_field,,objektkategorie->vermarktungsart:KAUF,_price_offer,,sale,,,,,
custom_field,,objektkategorie->vermarktungsart:MIETE,_price_offer,,rent,,,,,
custom_field,,objektkategorie->vermarktungsart:RENT,_price_offer,,sale,,,,,
,,,,,,,,,,
custom_field,,preise->kaufpreis_pro_qm,_price,integer,,,,,1.7.2,2023-03-14
custom_field,,preise->mietpreis_pro_qm,_price,integer,,,,,1.7.2,2023-03-14
custom_field,,preise->gesamtbelastungnetto*,_price,integer,,,,,1.8.0,2024-07-22
custom_field,,preise->hauptmietzinsnetto*,_price,integer,,,,,1.8.0,2024-07-22
custom_field,,preise->gesamtmietenetto*,_price,integer,,,,,1.8.0,2024-07-22
custom_field,,preise->summemietenetto*,_price,integer,,,,,1.8.0,2024-07-22
custom_field,,preise->gesamtbelastungbrutto,_price,integer,,,,,1.5.0,2020-02-09
custom_field,,preise->erbpacht,_price,integer,,,,,1.6.5,2022-03-10
custom_field,,preise->pacht,_price,integer,,,,,1.6.5,2022-03-10
custom_field,,preise->pauschalmiete,_price,integer,,,,,1.5.0,2020-02-09
custom_field,,preise->gesamtmietebrutto,_price,integer,,,,,1.5.0,2020-02-09
custom_field,,preise->warmmiete,_price,integer,,,,,1.0.5,2016-06-13
custom_field,,preise->kaltmiete,_price,integer,,,,,1.0.5,2016-06-13
custom_field,,preise->nettokaltmiete,_price,integer,,,,,1.0.5,2016-06-13
custom_field,,preise->kaufpreisbrutto,_price,integer,,,,,1.6.5,2022-03-10
custom_field,,preise->kaufpreis:auf_anfrage:false,_price,integer,,,,,1.6.5,2022-03-10
custom_field,,preise->kaufpreis,_price,integer,,,,,1.6.5,2022-03-10
,,,,,,,,,,
custom_field,,preise->preis_zeiteinheit:zeiteinheit:TAG,_price_period,,rental_period_4,,,,,
custom_field,,preise->preis_zeiteinheit:zeiteinheit:WOCHE,_price_period,,rental_period_2,,,,,
custom_field,,preise->preis_zeiteinheit:zeiteinheit:MONAT,_price_period,,rental_period_1,,,,,
custom_field,,preise->preis_zeiteinheit:zeiteinheit:JAHR,_price_period,,rental_period_3,,,,,
custom_field,,flaechen->wohnflaeche,_details_4,number_format,,,,,,
custom_field,,flaechen->grundstuecksflaeche,_details_3,number_format,,,,,,
custom_field,,flaechen->anzahl_schlafzimmer,_details_1,integer,,,,,,
custom_field,,flaechen->anzahl_badezimmer,_details_2,integer,,,,,,
custom_field,,flaechen->balkon_terrasse_flaeche,_details_5,number_format,,,,,,
custom_field,,flaechen->anzahl_stellplaetze,_details_6,,,,,,,
custom_field,,ausstattung->heizungsart:OFEN+,_details_7,,Heating by Stove,,Ofenheizung,,,
custom_field,,ausstattung->heizungsart:ETAGE+,_details_7,,Self-contained Central Heating,,Etagenheizung,,,
custom_field,,ausstattung->heizungsart:ZENTRAL+,_details_7,,Central Heating,,Zentralheizung,,,
custom_field,,ausstattung->heizungsart:FERN+,_details_7,,District Heating,,Fernheizung,,1.8.0,2024-07.22
custom_field,,ausstattung->heizungsart:FUSSBODEN+,_details_7,,Underfloor Heating,,Fußbodenheizung,,,
custom_field,,zustand_angaben->baujahr,_details_8,,,,,,,
custom_field,,zustand_angaben->verkaufstatus:stand:VERKAUFT,_listing_not_available,,on,,,,1.0.2,2016-03-10
custom_field,,verwaltung_objekt->user_defined_simplefield:feldname:verkauft,_listing_not_available,,on,,,,1.6.0,2020-07-29
custom_field,,verwaltung_objekt->user_defined_simplefield:feldname:reserviert,_listing_not_available,,on,,,,1.6.0,2020-07-29
custom_field,,verwaltung_techn->objektnr_extern,_listing_id,,,,,,,
# Use external property ID also as translation ID in multilingual sites.,,,,,,,,,,
# Externe Objektnummer zusätzlich als Übersetzungs-ID in mehrsprachigen Websites verwenden.,,,,,,,,,,
custom_field,,verwaltung_techn->objektnr_extern,_immonex_translation_id,,,,,,,
,,,,,,,,,,
# Example for setting a property category based on a string included in the free text „sonstige_angaben“,,,,,,,,,,
"# Beispiel für das Setzen einer Objektkategorie, wenn ein bestimmtes Wort im Freitext „sonstige_angaben“ enthalten ist",,,,,,,,,,
#custom_field,,freitexte->sonstige_angaben~Empfehlung,_listing_featured,,1,,,,,
,,,,,,,,,,
# Some of the following elements – if available – are used for geocoding automatically and must not be imported explicitly.,,,,,,,,,,
# Einige der folgenden Elemente werden – sofern vorhanden – automatisch für die Geocodierung verwendet und müssen nicht explizit importiert werden.,,,,,,,,,,
#custom_field,,geo->plz,,,Postcode,,PLZ,,,
#custom_field,,geo->ort,,,City,,Ort,,,
#custom_field,,geo->geokoordinaten:breitengrad,,,Latitude,,Breitengrad,,,
#custom_field,,geo->geokoordinaten:laengengrad,,,Longitude,,Längengrad,,,
#custom_field,,geo->strasse,,,Street,,Straße,,,
#custom_field,,geo->hausnummer,,,Street Number,,Hausnummer,,,
#custom_field,,geo->bundesland,,,State,,Bundesland,,,
custom_field,,geo->land:iso_land,_immonex_iso_country,,,,,,,
#custom_field,,geo->gemeindecode,,,Communal Code,,Gemeindecode,,,
#custom_field,,geo->flur,,,Cadastral District,,Flur,,,
#custom_field,,geo->flurstueck,,,Sub-plot,,Flurstück,,,
#custom_field,,geo->gemarkung,,,Communal District,,Gemarkung,,,
,,,,,,,,,,
custom_field,,geo->lage_gebiet:gebiete:WOHN,,,Residential Area,Location/Area,Wohngebiet,Lage/Gebiet,1.1.0,2016-07-15
custom_field,,geo->lage_gebiet:gebiete:GEWERBE,,,Commercial Area,Location/Area,Gewerbegebiet,Lage/Gebiet,1.1.0,2016-07-15
custom_field,,geo->lage_gebiet:gebiete:INDUSTRIE,,,Industrial Area,Location/Area,Industriegebiet,Lage/Gebiet,1.1.0,2016-07-15
custom_field,,geo->lage_gebiet:gebiete:MISCH,,,Mixed Use Area,Location/Area,Mischgebiet,Lage/Gebiet,1.1.0,2016-07-15
custom_field,,geo->lage_gebiet:gebiete:NEUBAU,,,Developing Area,Location/Area,Neubaugebiet,Lage/Gebiet,1.1.0,2016-07-15
custom_field,,geo->lage_gebiet:gebiete:ORTSLAGE,,,Town / Village,Location/Area,Ortslage,Lage/Gebiet,1.1.0,2016-07-15
custom_field,,geo->lage_gebiet:gebiete:SIEDLUNG,,,Housing Estate,Location/Area,Siedlung,Lage/Gebiet,1.1.0,2016-07-15
custom_field,,geo->lage_gebiet:gebiete:STADTRAND,,,City Limits,Location/Area,Stadtrand,Lage/Gebiet,1.1.0,2016-07-15
custom_field,,geo->lage_gebiet:gebiete:STADTTEIL,,,District,Location/Area,Stadtteil,Lage/Gebiet,1.1.0,2016-07-15
custom_field,,geo->lage_gebiet:gebiete:STADTZENTRUM,,,Downtown,Location/Area,Stadtzentrum,Lage/Gebiet,1.1.0,2016-07-15
custom_field,,geo->lage_gebiet:gebiete:NEBENZENTRUM,,,Outskirts,Location/Area,Nebenzentrum,Lage/Gebiet,1.1.0,2016-07-15
custom_field,,geo->lage_gebiet:gebiete:1A,,,Prime,Location/Area,1A,Lage/Gebiet,1.1.0,2016-07-15
custom_field,,geo->lage_gebiet:gebiete:1B,,,Subprime,Location/Area,1B,Lage/Gebiet,1.1.0,2016-07-15
,,,,,,,,,,
custom_field,,zustand_angaben->bebaubar_nach:bebaubar_attr:34_NACHBARSCHAFT,,,Neighborhood (§ 34 BauGB),Buildable according to,Nachbarschaft (§ 34 BauGB),Bebaubar nach,1.7.3,2023-03-27
custom_field,,zustand_angaben->bebaubar_nach:bebaubar_attr:35_AUSSENGEBIET,,,Outer Area (§ 35 BauGB),Buildable according to,Außengebiet (§ 35 BauGB),Bebaubar nach,1.7.3,2023-03-27
custom_field,,zustand_angaben->bebaubar_nach:bebaubar_attr:B_PLAN,,,Development Plan,Buildable according to,Bebauungsplan,Bebaubar nach,1.7.3,2023-03-27
custom_field,,zustand_angaben->bebaubar_nach:bebaubar_attr:KEIN_BAULAND,,,No Building Land,Buildable according to,Kein Bauland,Bebaubar nach,1.7.3,2023-03-27
custom_field,,zustand_angaben->bebaubar_nach:bebaubar_attr:BAUERWARTUNGSLAND,,,Building Expectation Land,Buildable according to,Bauerwartungsland,Bebaubar nach,1.7.3,2023-03-27
custom_field,,zustand_angaben->bebaubar_nach:bebaubar_attr:LAENDERSPEZIFISCH,,,Country-specific,Buildable according to,länderspezifisch,Bebaubar nach,1.7.3,2023-03-27
custom_field,,zustand_angaben->bebaubar_nach:bebaubar_attr:BAULAND_OHNE_B_PLAN,,,Building Land without Development Plan,Buildable according to,Bauland ohne Bebauungsplan,Bebaubar nach,1.7.3,2023-03-27
,,,,,,,,,,
custom_field,,geo->etage!=0,,,Floor,,Etage,,1.7.5,2023-12-21
custom_field,,geo->etage=0,,,GF,Floor,EG,Etage,1.7.5,2023-12-21
custom_field,,geo->anzahl_etagen,,number_format:1,Number of Floors,,Etagenanzahl,,,
custom_field,,geo->wohnungsnr,,,Flat Number,,Wohnungsnummer,,,
custom_field,,geo->regionaler_zusatz,,,Additional Location Info,,Zusatzinformation zur Lage,,,
custom_field,,geo->lage_im_bau:RECHTS+,,,Right,Location inside the Building,rechts,Lage im Gebäude,,
custom_field,,geo->lage_im_bau:VORNE+,,,in the Front,Location inside the Building,vorne,Lage im Gebäude,,
custom_field,,geo->lage_im_bau:HINTEN+,,,in the Rear,Location inside the Building,hinten,Lage im Gebäude,,
,,,,,,,,,,
"# The associated WordPress user and further contact data will be assigned by the contents of the nodes kontaktperson->titel, kontaktperson->vorname and kontaktperson->name, respectively the email address automatically.",,,,,,,,,,
"# Der zugehörige WordPress-Benutzer und weitere Kontaktdaten werden anhand der Inhalte der Elemente kontaktperson->titel, kontaktperson->vorname und kontaktperson->name bzw. der E-Mail-Adresse automatisch zugeordnet.",,,,,,,,,,
#custom_field,contact,kontaktperson->email_zentrale,,,Email (Head Office),,E-Mail (Zentrale),,,
#custom_field,contact,kontaktperson->email_direkt,,,Email (Personal),,E-Mail (direkt),,,
#custom_field,contact,kontaktperson->tel_zentrale,,,Phone (Head Office),,Telefon (Zentrale),,,
#custom_field,contact,kontaktperson->tel_durchw,,,Phone (Call-through),,Telefon (Durchwahl),,,
#custom_field,contact,kontaktperson->tel_fax,,,Fax,,Fax,,,
#custom_field,contact,kontaktperson->tel_handy,,,Cellphone,,Mobil,,,
#custom_field,contact,kontaktperson->name,,,Last Name,,Name,,,
#custom_field,contact,kontaktperson->vorname,,,First Name,,Vorname,,,
#custom_field,contact,kontaktperson->titel,,,Title,,Titel,,,
#custom_field,contact,kontaktperson->anrede,,,Salutation,,Anrede,,,
#custom_field,contact,kontaktperson->firma,,,Company,,Firma,,,
#custom_field,contact,kontaktperson->zusatzfeld,,,Further Information,,Weitere Infos,,,
#custom_field,contact,kontaktperson->strasse,,,Street,,Straße,,,
#custom_field,contact,kontaktperson->hausnummer,,,Street Number,,Hausnummer,,,
#custom_field,contact,kontaktperson->plz,,,Postcode,,PLZ,,,
#custom_field,contact,kontaktperson->ort,,,City,,Ort,,,
#custom_field,contact,kontaktperson->postfach,,,PO Box,,Postfach,,,
#custom_field,contact,kontaktperson->postf_plz,,,PO Box Postcode,,Postfach-PLZ,,,
#custom_field,contact,kontaktperson->postf_ort,,,PO Box City,,Postfach-Ort,,,
#custom_field,contact,kontaktperson->land:iso_land,,,Country,,Land,,,
#custom_field,contact,kontaktperson->email_priv,,,Email (Private),,E-Mail (privat),,,
#custom_field,contact,kontaktperson->email_sonstige,,,Additional Email Address,,Sonstige E-Mail-Adresse,,,
#custom_field,contact,kontaktperson->email_sonstige:emailart:EM_ZENTRALE,,,Additional Email Address (Head Office),,Sonstige E-Mail-Adresse (Zentrale),,,
#custom_field,contact,kontaktperson->email_sonstige:emailart:EM_DIREKT,,,Additional Email Address (Personal),,Sonstige E-Mail-Adresse (direkt),,,
#custom_field,contact,kontaktperson->email_sonstige:emailart:EM_PRIVAT,,,Additional Email Address (Private),,Sonstige E-Mail-Adresse (privat),,,
#custom_field,contact,kontaktperson->email_sonstige:emailart:EM_SONSTIGE,,,Additional Email Address (Other),,Sonstige E-Mail-Adresse (sonstige),,,
#custom_field,contact,kontaktperson->email_sonstige:bemerkung,,,Additional Email Address – Remark,,Sonstige E-Mail-Adresse – Bemerkung,,,
#custom_field,contact,kontaktperson->tel_sonstige,,,Additional Phone Number,,Sonstige Telefonnummer,,,
#custom_field,contact,kontaktperson->tel_sonstige:telefonart:TEL_ZENTRALE,,,Additional Phone Number (Head Office),,Sonstige Telefonnummer (Zentrale),,,
#custom_field,contact,kontaktperson->tel_sonstige:telefonart:TEL_DURCHW,,,Additional Phone Number (Call-through),,Sonstige Telefonnummer (Durchwahl),,,
#custom_field,contact,kontaktperson->tel_sonstige:telefonart:TEL_PRIVAT,,,Additional Phone Number (Private),,Sonstige Telefonnummer (privat),,,
#custom_field,contact,kontaktperson->tel_sonstige:telefonart:TEL_HANDY,,,Additional Phone Number (Mobile Phone),,Sonstige Telefonnummer (mobil),,,
#custom_field,contact,kontaktperson->tel_sonstige:telefonart:TEL_FAX,,,Additional Fax Number,,Sonstige Faxnummer,,,
#custom_field,contact,kontaktperson->tel_sonstige:telefonart:TEL_SONSTIGE,,,Additional Phone Number (Other),,Sonstige Telefonnummer (sonstige),,,
#custom_field,contact,kontaktperson->tel_sonstige:bemerkung,,,Additional Phone Number – Remark,,Sonstige Telefonnummer – Bemerkung,,,
#custom_field,contact,kontaktperson->url,,,URL,,URL,,,
#custom_field,contact,kontaktperson->personennummer,,,Person ID,,Personennummer,,,
,,,,,,,,,,
#custom_field,prices,preise->kaufpreisnetto*,,currency,Purchase Price excl. VAT,,Netto-Kaufpreis,,1.2.0,2016-12-07
#custom_field,prices,preise->kaufpreisnetto:kaufpreisust,,currency,Purchase Price VAT,,Kaufpreis-MwSt.,,,
custom_field,prices,preise->nettokaltmiete,,currency,Net Cold Rent,,Nettokaltmiete,,1.5.0,2020-02-09
custom_field,prices,preise->kaltmiete,,currency,Cold Rent,,Kaltmiete,,1.5.0,2020-02-09
custom_field,prices,preise->warmmiete,,currency,Warm Rent,,Warmmiete,,1.5.0,2020-02-09
custom_field,prices,preise->nebenkosten,,currency,Monthly Service Charges,,monatl. Betriebs-/Nebenkosten,,,
custom_field,prices,preise->heizkosten,,currency,Monthly Heating Costs,,monatl. Heizkosten,,,
custom_field,prices,preise->heizkosten_enthalten,,boolean,Heating Costs included in Rent,,Heizkosten in Warmmiete enthalten,,,
custom_field,prices,preise->zzg_mehrwertsteuer,,boolean,Prices plus VAT,,Preise zuzüglich Mehrwertsteuer,,,
custom_field,prices,preise->mietzuschlag,,currency,Rent Surcharges,,weitere Mietzuschläge,,,
#custom_field,prices,preise->hauptmietzinsnetto*,,currency,Main House Rent excl. VAT,,Haupt-Mietzins zzgl. MwSt.,,1.2.0,2016-12-07
#custom_field,prices,preise->hauptmietzinsnetto:hauptsmietzinsust,,currency,Main House Rent VAT,,Haupt-Mietzins-MwSt.,,,
custom_field,prices,preise->pauschalmiete,,currency,General Rent,,Pauschalmiete,,,
#custom_field,prices,preise->betriebskostennetto*,,currency,Operational Service Charges excl. VAT,,Betriebs-Nebenkosten zzgl. MwSt.,,1.2.1,2017-02-25
#custom_field,prices,preise->betriebskostennetto:betriebskostenust,,currency,Operational Service Charges VAT,,Betriebs-Nebenkosten-MwSt.,,1.2.1,2017-02-25
#custom_field,prices,preise->evbnetto*,,currency,Maintenance Dues excl. VAT,,Erhaltungs- und Verbesserungsbeitrag zzgl. MwSt.,,1.2.0,2016-12-07
#custom_field,prices,preise->evbnetto:evbust,,currency,Maintenance Dues VAT,,Erhaltungs- und Verbesserungsbeitrag MwSt.,,,
#custom_field,prices,preise->gesamtmietenetto*,,currency,Overall Rent excl. VAT,,Summe aller Mietzins-Zahlungen zzgl. MwSt.,,1.2.0,2016-12-07
#custom_field,prices,preise->gesamtmietenetto:gesamtmieteust,,currency,Overall Rent VAT,,Summe aller Mietzins-Zahlungen MwSt.,,,
custom_field,prices,preise->gesamtmietebrutto,,currency,Overall Rent,,Gesamtmiete,,1.5.0,2020-02-09
#custom_field,prices,preise->gesamtbelastungnetto*,,currency,Overall Costs excl. VAT,,Summe aller Nebenkosten/Mietzinse zzgl. MwSt.,,1.2.0,2016-12-07
#custom_field,prices,preise->gesamtbelastungnetto:gesamtbelastungust,,currency,Overall Costs VAT,,Summe aller Nebenkosten/Mietzinse MwSt.,,,
custom_field,prices,preise->gesamtbelastungbrutto,,currency,Overall Costs,,Gesamtkosten,,1.5.0,2020-02-09
custom_field,prices,preise->gesamtkostenprom2von,,currency,Overall Costs per sqm (min.),,Gesamtkosten pro m² von,,1.5.0,2020-02-09
custom_field,prices,preise->gesamtkostenprom2von:gesamtkostenprom2bis,,currency,Overall Costs per sqm (max.),,Gesamtkosten pro m² bis,,1.5.0,2020-02-09
#custom_field,prices,preise->heizkostennetto*,,currency,Heating Costs excl. VAT,,Heizkosten pro Einheit zzgl. MwSt.,,1.2.0,2016-12-07
#custom_field,prices,preise->heizkostennetto:heizkostenust,,currency,Heating Costs VAT,,Heizkosten pro Einheit MwSt.,,,
#custom_field,prices,preise->monatlichekostennetto*,,currency,Monthly Costs excl. VAT,,Summe der monatlichen Kosten zzgl. MwSt.,,1.2.0,2016-12-07
#custom_field,prices,preise->monatlichekostennetto:monatlichekostenust,,currency,Monthly Costs VAT,,Summe der monatlichen Kosten MwSt.,,1.2.0,2016-12-07
#custom_field,prices,preise->monatlichekostenbrutto,,currency,Monthly Costs incl. VAT,,Summe der monatlichen Kosten inkl. MwSt.,,,
custom_field,prices,preise->nebenkostenprom2von,,currency,Service Charges per sqm (min.),,Nebenkosten pro m² von,,,
custom_field,prices,preise->nebenkostenprom2von:nebenkostenprom2bis,,currency,Service Charges per sqm (max.),,Nebenkosten pro m² bis,,,
#custom_field,prices,preise->ruecklagenetto*,,currency,Reserve excl. VAT,,Rücklage zzgl. MwSt.,,1.2.0,2016-12-07
#custom_field,prices,preise->ruecklagenetto:ruecklageust,,currency,Reserve VAT,,Rücklage MwSt.,,,
#custom_field,prices,preise->sonstigekostennetto*,,currency,Other Costs excl. VAT,,Sonstige Kosten zzgl. MwSt.,,1.2.0,2016-12-07
#custom_field,prices,preise->sonstigekostennetto:sonstigekostenust,,currency,Other Costs VAT,,Sonstige Kosten MwSt.,,,
#custom_field,prices,preise->sonstigemietenetto*,,currency,Other Renting Costs excl. VAT,,Ergänzende Mietkosten zzgl. MwSt.,,1.2.0,2016-12-07
#custom_field,prices,preise->sonstigemietenetto:sonstigemieteust,,currency,Other Renting Costs VAT,,Ergänzende Mietkosten MwSt.,,,
#custom_field,prices,preise->summemietenetto*,,currency,Total Rent excl. VAT,,Gesamtsumme Mietkosten zzgl. MwSt.,,1.2.0,2016-12-07
#custom_field,prices,preise->summemietenetto:summemieteust,,currency,Total Rent VAT,,Gesamtsumme Mietkosten MwSt.,,,
#custom_field,prices,preise->nettomieteprom2von*,,currency,Rent per sqm excl. VAT (min.),,Miete zzgl. MwSt. pro m² von,,1.2.0,2016-12-07
#custom_field,prices,preise->nettomieteprom2von:nettomieteprom2bis,,currency,Rent per sqm excl. VAT (max.),,Miete zzgl. MwSt. pro m² bis,,,
custom_field,prices,preise->pacht,,currency,Rent,,Pacht,,1.4.0,2018-01-02
custom_field,prices,preise->erbpacht,,currency,Rent,,Erbpacht,,1.4.0,2018-01-02
custom_field,prices,preise->hausgeld,,currency,Common Charge,,Hausgeld,,,
custom_field,prices,preise->abstand,,currency,Key Money,,Abstand,,,
custom_field,prices,preise->preis_zeitraum_von,,,Price valid from,,Preis gültig von,,,
custom_field,prices,preise->preis_zeitraum_bis,,,Price valid until,,Preis gültig bis,,,
custom_field,prices,preise->mietpreis_pro_qm,,currency,Net Cold Rent per sqm,,Netto-Kaltmiete pro m²,,1.5.0,2020-02-09
custom_field,prices,preise->kaufpreis_pro_qm,,currency,Purchase Price per sqm,,Kaufpreis pro m²,,,
#custom_field,prices,preise->provisionspflichtig,,boolean,Subject to Commission,,provisionspflichtige Immobilie,,,
#custom_field,prices,preise->innen_courtage*,,,Seller Commission,,Verkäuferprovision,,1.7.2,44999
custom_field,prices,preise->aussen_courtage*,,,Buyer's Commission,,Käuferprovision,,1.6.4,2021-04-15
#custom_field,prices,preise->provisionnetto,,currency,Gross Commission,,Provision (netto),,1.0.5,2016-06-13
custom_field,prices,preise->provisionbrutto,,currency,Gross Commission,,Provision (brutto),,,
custom_field,prices,preise->courtage_hinweis,,,Courtage Remark,,Hinweis zur Courtage,,,
custom_field,prices,preise->mwst_satz,,unit:%:0,VAT Rate,,MwSt.-Satz,,1.3.0,2017-04-07
custom_field,prices,preise->mwst_gesamt,,currency,Overall VAT,,MwSt. gesamt,,1.3.0,2017-04-07
custom_field,prices,preise->freitext_preis,,,Prices Remark,,Hinweise zu den Preisen,,,
custom_field,prices,preise->x_fache,,,Multiple (Purchase Price related to Yearly Rent),,X-fache (Kaufpreis bez. auf Jahresmiete),,,
custom_field,prices,preise->nettorendite,,number_format,Net Return (%),,Nettorendite (%),,,
custom_field,prices,preise->nettorendite_soll,,number_format,"Net Return (%, normal)",,"Nettorendite (%, soll)",,,
custom_field,prices,preise->nettorendite_ist,,number_format,"Net Return (%, current)",,"Nettorendite (%, ist)",,,
custom_field,prices,preise->mieteinnahmen_ist,,currency,Current Rental Revenues per Year,,Aktuelle Mieteinnahmen pro Jahr,,1.5.0,2020-02-09
custom_field,prices,preise->mieteinnahmen_ist:periode:TAG,,currency,Current Rental Revenues per Day,,Aktuelle Mieteinnahmen pro Tag,,,
custom_field,prices,preise->mieteinnahmen_ist:periode:WOCHE,,currency,Current Rental Revenues per Week,,Aktuelle Mieteinnahmen pro Woche,,,
custom_field,prices,preise->mieteinnahmen_ist:periode:MONAT,,currency,Current Rental Revenues per Month,,Aktuelle Mieteinnahmen pro Monat,,,
custom_field,prices,preise->mieteinnahmen_ist:periode:JAHR,,currency,Current Rental Revenues per Year,,Aktuelle Mieteinnahmen pro Jahr,,,
custom_field,prices,preise->mieteinnahmen_soll,,currency,Rental Revenues per Year (normal),,Aktuelle Mieteinnahmen pro Jahr (soll),,1.5.0,2020-02-09
custom_field,prices,preise->mieteinnahmen_soll:periode:TAG,,currency,Rental Revenues per Day (normal),,Aktuelle Mieteinnahmen pro Tag (soll),,,
custom_field,prices,preise->mieteinnahmen_soll:periode:WOCHE,,currency,Rental Revenues per Week (normal),,Aktuelle Mieteinnahmen pro Woche (soll),,,
custom_field,prices,preise->mieteinnahmen_soll:periode:MONAT,,currency,Rental Revenues per Month (normal),,Aktuelle Mieteinnahmen pro Monat (soll),,,
custom_field,prices,preise->mieteinnahmen_soll:periode:JAHR,,currency,Rental Revenues per Year (normal),,Aktuelle Mieteinnahmen pro Jahr (soll),,,
custom_field,prices,preise->erschliessungskosten,,currency,Development Charges,,Erschließungskosten,,,
custom_field,prices,preise->kaution,,currency,Damage / Security Deposit,,Kaution,,,
custom_field,prices,preise->kaution_text,,,Damage / Security Deposit,,Kaution,,,
custom_field,prices,preise->geschaeftsguthaben,,currency,Capital Share,,Geschäftsguthaben,,,
custom_field,prices,preise->stp_carport:anzahl,,,Number of Carport Parking Spaces,,Anzahl Carport-Stellplätze,,,
custom_field,prices,preise->stp_carport:stellplatzmiete,,currency,Parking Space Rent (Carport),,Stellplatzmiete (Carport),,,
custom_field,prices,preise->stp_carport:stellplatzkaufpreis,,currency,Parking Space Purchase Price (Carport),,Stellplatzkaufpreis (Carport),,,
custom_field,prices,preise->stp_duplex:anzahl,,,Number of Duplex Parking Spaces,,Anzahl Duplex-Stellplätze,,,
custom_field,prices,preise->stp_duplex:stellplatzmiete,,currency,Parking Space Rent (Duplex),,Stellplatzmiete (Duplex),,,
custom_field,prices,preise->stp_duplex:stellplatzkaufpreis,,currency,Parking Space Purchase Price (Duplex),,Stellplatzkaufpreis (Duplex),,,
custom_field,prices,preise->stp_freiplatz:anzahl,,,Number of Outdoor Parking Spaces,,Anzahl Außenstellplätze,,,
custom_field,prices,preise->stp_freiplatz:stellplatzmiete,,currency,Parking Space Rent (Outdoor),,Außenstellplatzmiete,,,
custom_field,prices,preise->stp_freiplatz:stellplatzkaufpreis,,currency,Parking Space Purchase Price (Outdoor),,Außenstellplatzkaufpreis,,,
custom_field,prices,preise->stp_garage:anzahl,,,Number of Garage Parking Spaces,,Anzahl Garagenstellplätze,,,
custom_field,prices,preise->stp_garage:stellplatzmiete,,currency,Parking Space Rent (Garage),,Stellplatzmiete (Garage),,,
custom_field,prices,preise->stp_garage:stellplatzkaufpreis,,currency,Parking Space Purchase Price (Garage),,Stellplatzkaufpreis (Garage),,,
custom_field,prices,preise->stp_parkhaus:anzahl,,,Number of Parking Spaces (Parking Garage),,Anzahl Parkhaus-Stellplätze,,,
custom_field,prices,preise->stp_parkhaus:stellplatzmiete,,currency,Parking Space Rent (Parking Garage),,Stellplatzmiete (Parkhaus),,,
custom_field,prices,preise->stp_parkhaus:stellplatzkaufpreis,,currency,Parking Space Purchase Price (Parking Garage),,Stellplatzkaufpreis (Parkhaus),,,
custom_field,prices,preise->stp_tiefgarage:anzahl,,,Number of Parking Spaces (Deep-level Garage),,Anzahl TG-Stellplätze,,,
custom_field,prices,preise->stp_tiefgarage:stellplatzmiete,,currency,Parking Space Rent (Deep-level Garage),,Stellplatzmiete (Tiefgarage),,,
custom_field,prices,preise->stp_tiefgarage:stellplatzkaufpreis,,currency,Parking Space Purchase Price (Deep-level Garage),,Stellplatzkaufpreis (Tiefgarage),,,
custom_field,prices,preise->richtpreis,,currency,Benchmark Price,,Richtpreis,,,
custom_field,prices,preise->richtpreisprom2,,currency,Benchmark Price per sqm,,Richtpreis pro m²,,,
custom_field,,bieterverfahren->beginn_angebotsphase,,date,Begin of Offer Phase,,Beginn der Angebotsphase,,,
custom_field,,bieterverfahren->besichtigungstermin,,date,Date of Walkthrough,,Besichtigungstermin,,,
custom_field,,bieterverfahren->besichtigungstermin_2,,date,Date of Walkthrough (alternative),,Besichtigungstermin (alternativ),,,
custom_field,,bieterverfahren->beginn_bietzeit,,date,Begin of Offering Period,,Beginn der Bietzeit,,,
custom_field,,bieterverfahren->ende_bietzeit,,date,End of Offering Period,,Ende der Bietzeit,,,
custom_field,,versteigerung->aktenzeichen,,,File Number (Auction),,Aktenzeichen (Versteigerung),,,
custom_field,,versteigerung->zvtermin,,date_time,Date of Foreclosure Auction,,Termin der Zwangsversteigerung,,,
custom_field,,versteigerung->zusatztermin,,date_time,Date of Foreclosure Auction (alternative),,Termin der Zwangsversteigerung (Zusatztermin),,,
custom_field,,versteigerung->amtsgericht,,,District Court,,Amtsgericht,,,
custom_field,,versteigerung->verkehrswert,,currency,Market Value,,Verkehrswert,,,
custom_field,,flaechen->nutzflaeche,,sqm,Usable Floor Space,,Nutzfläche,,1.5.0,2020-02-09
custom_field,,flaechen->gesamtflaeche,,sqm,Total Area,,Gesamtfläche,,,
custom_field,,flaechen->ladenflaeche,,sqm,Shop Area,,Ladenfläche,,,
custom_field,,flaechen->lagerflaeche,,sqm,Storage Area,,Lagerfläche,,,
custom_field,,flaechen->verkaufsflaeche,,sqm,Retail Area,,Verkaufsfläche,,,
custom_field,,flaechen->freiflaeche,,sqm,Open Space,,Freifläche,,,
custom_field,,flaechen->bueroflaeche,,sqm,Office Area,,Bürofläche,,,
custom_field,,flaechen->bueroteilflaeche,,sqm,Office Area Part,,Büroteilfläche,,,
custom_field,,flaechen->fensterfront,,sqm,Length of Window Front,,Länge der Fensterfläche,,,
custom_field,,flaechen->verwaltungsflaeche,,sqm,Administration Area,,Verwaltungsfläche,,,
custom_field,,flaechen->gastroflaeche,,sqm,Gastronomy Area,,Gastrofläche,,,
custom_field,,flaechen->grz,,,Site Occupancy Index,,Grundflächenzahl,,,
custom_field,,flaechen->gfz,,,Floor-space Index,,Geschossflächenzahl,,,
custom_field,,flaechen->bmz,,,Cubic Index,,Baumassenzahl,,,
custom_field,,flaechen->bgf,,,Gross Floor Area Index,,Brutto-Geschossflächen-Zahl,,,
custom_field,,flaechen->sonstflaeche,,sqm,Additional Space,,Sonstige Fläche,,,
custom_field,,flaechen->anzahl_zimmer,,number_format:1,Rooms,,Zimmer,,,
custom_field,,flaechen->anzahl_sep_wc,,integer,Lavatories,,Separate WCs,,1.2.0,2016-12-07
custom_field,,flaechen->anzahl_balkone,,integer,Balconies,,Balkone,,,
custom_field,,flaechen->anzahl_terrassen,,integer,Terraces,,Terrassen,,,
custom_field,,flaechen->anzahl_logia,,integer,Loggias,,Loggien,,,
custom_field,,flaechen->anzahl_wohn_schlafzimmer,,integer,Living Rooms and Bedrooms,,Wohn- und Schlafzimmer,,,
custom_field,,flaechen->gartenflaeche,,sqm,Garden Space,,Gartenfläche,,,
custom_field,,flaechen->kellerflaeche,,sqm,Basement Space,,Kellerfläche,,,
custom_field,,flaechen->fensterfront_qm,,sqm,Window Front Size,,Fensterfront,,,
custom_field,,flaechen->grundstuecksfront,,,Plot / Street Front (m),,Grundstücksfront zur Straße (m),,,
custom_field,,flaechen->dachbodenflaeche,,sqm,Attic Space,,Dachbodenfläche,,,
custom_field,,flaechen->teilbar_ab,,sqm,Separable from,,Teilbar ab,,,
custom_field,,flaechen->beheizbare_flaeche,,sqm,Heatable Space,,Beheizbare Fläche,,,
custom_field,,flaechen->plaetze_gastraum,,,Seats (Seating Area),,Plätze im Gastraum,,,
custom_field,,flaechen->anzahl_betten,,,Number of Beds,,Anzahl der Betten,,,
custom_field,,flaechen->anzahl_tagungsraeume,,,Conference Rooms,,Tagungsräume,,,
custom_field,,flaechen->vermietbare_flaeche,,sqm,Rentable Space,,Vermietbare Fläche,,,
custom_field,,flaechen->anzahl_wohneinheiten,,,Living Units,,Wohneinheiten,,,
custom_field,,flaechen->anzahl_gewerbeeinheiten,,,Commercial Units,,Gewerbeeinheiten,,,
custom_field,,flaechen->kubatur,,,Cubature,,Kubatur,,,
custom_field,,flaechen->ausnuetzungsziffer,,,Occupancy Rate,,Ausnützungsziffer,,1.3.0,2017-04-07
custom_field,,flaechen->flaeche_von,,sqm,Area (min.),,Fläche von,,,
custom_field,,flaechen->flaeche_bis,,sqm,Area (max.),,Fläche bis,,,
custom_field,,ausstattung->ausstatt_kategorie=STANDARD,,,Standard,Level of Features,Standard,Art der Ausstattung,,
custom_field,,ausstattung->ausstatt_kategorie=GEHOBEN,,,High Quality Interior,Level of Features,gehoben,Art der Ausstattung,1.7.2,2023-03-14
custom_field,,ausstattung->ausstatt_kategorie=LUXUS,,,Luxury,Level of Features,luxuriös,Art der Ausstattung,,
custom_field,,ausstattung->stromanschlusswert,,,Electrical Connection Value (KW),,Stromanschlusswert (KW),,,
custom_field,,ausstattung->hallenhoehe,,,Hall Height (m),,Hallenhöhe (m),,,
custom_field,,ausstattung->breitband_zugang:art,,,Internet,,Internet,,1.6.1,2020-12-26
custom_field,,ausstattung->breitband_zugang:speed,,,Internet Speed,,Internet-Geschwindigkeit,,1.6.1,2020-12-26
custom_field,,ausstattung->befeuerung:OEL+,,,Oil,Firing,Öl,Befeuerung,,
custom_field,,ausstattung->befeuerung:GAS+,,,Gas,Firing,Gas,Befeuerung,,
custom_field,,ausstattung->befeuerung:ELEKTRO+,,,Electric,Firing,Elektro,Befeuerung,,
custom_field,,ausstattung->befeuerung:ALTERNATIV+,,,Alternative,Firing,Alternativ,Befeuerung,,
custom_field,,ausstattung->befeuerung:SOLAR+,,,Solar,Firing,Solar,Befeuerung,,
custom_field,,ausstattung->befeuerung:ERDWAERME+,,,Geothermal,Firing,Erdwärme,Befeuerung,,
custom_field,,ausstattung->befeuerung:LUFTWP+,,,Air Heat Pump,Firing,Luft-Wärmepumpe,Befeuerung,,
custom_field,,ausstattung->befeuerung:FERN+,,,District Heat,Firing,Fernwärme,Befeuerung,1.8.0,2024-07-22
custom_field,,ausstattung->befeuerung:BLOCK+,,,Thermal Power Station,Firing,Blockheizkraftwerk,Befeuerung,,
custom_field,,ausstattung->befeuerung:WASSER-ELEKTRO+,,,Water Electric Heating,Firing,Warmwasser-Elektroheizung,Befeuerung,,
custom_field,,ausstattung->befeuerung:PELLET+,,,Pellets,Firing,Pellets,Befeuerung,,
custom_field,,ausstattung->befeuerung:KOHLE+,,,Coal,Firing,Kohle,Befeuerung,,
custom_field,,ausstattung->befeuerung:HOLZ+,,,Wood Chips,Firing,Holz-Hackschnitzel,Befeuerung,,
custom_field,,ausstattung->befeuerung:FLUESSIGGAS+,,,Liquid Gas (Own Tank),Firing,Flüssiggas (eigener Tank),Befeuerung,,
custom_field,,ausstattung->befeuerung:ERDGAS_LEICHT+,,,Natural Gas (light),Firing,Erdgas (leicht),Befeuerung,1.8.0,2024-07-22
custom_field,,ausstattung->befeuerung:ERDGAS_SCHWER+,,,Natural Gas (heavy),Firing,Erdgas (schwer),Befeuerung,1.8.0,2024-07-22
custom_field,,ausstattung->befeuerung:FERNWAERME_DAMPF+,,,District Heat (Steam),Firing,Fernwärme (Dampf),Befeuerung,1.8.0,2024-07-22
custom_field,,ausstattung->befeuerung:NAHWAERME+,,,Local Heat,Firing,Nahwärme,Befeuerung,1.8.0,2024-07-22
custom_field,,ausstattung->befeuerung:WAERMELIEFERUNG+,,,Heat Delivery,Firing,Wärmelieferung,Befeuerung,1.8.0,2024-07-22
custom_field,,ausstattung->befeuerung:BIOENERGIE+,,,Bio Energy,Firing,Bioenergie,Befeuerung,1.8.0,2024-07-22
custom_field,,ausstattung->befeuerung:WINDENERGIE+,,,Wind Energy,Firing,Windenergie,Befeuerung,1.8.0,2024-07-22
custom_field,,ausstattung->befeuerung:WASSERENERGIE+,,,Water Energy,Firing,Wasserenergie,Befeuerung,1.8.0,2024-07-22
custom_field,,ausstattung->befeuerung:UMWELTWAERME+,,,Environmental Heat,Firing,Umweltwärme,Befeuerung,1.8.0,2024-07-22
custom_field,,ausstattung->befeuerung:KWK_FOSSIL+,,,Combined Heat and Power (fossil),Firing,Kraft-Wärme-Kopplung (fossil),Befeuerung,1.8.0,2024-07-22
custom_field,,ausstattung->befeuerung:KWK_ERNEUERBAR+,,,Combined Heat and Power (renewable),Firing,Kraft-Wärme-Kopplung (erneuerbar),Befeuerung,1.8.0,2024-07-22
custom_field,,ausstattung->befeuerung:KWK_REGENERATIV+,,,Combined Heat and Power (regenerative),Firing,Kraft-Wärme-Kopplung (regenerativ),Befeuerung,1.8.0,2024-07-22
custom_field,,ausstattung->befeuerung:KWK_BIO+,,,Combined Heat and Power (Bio),Firing,Kraft-Wärme-Kopplung (Bio),Befeuerung,1.8.0,2024-07-22
custom_field,,ausstattung->boden:FLIESEN+,,,Tiled,Flooring,Fliesen,Bodenbelag,,
custom_field,,ausstattung->boden:STEIN+,,,Stone,Flooring,Stein,Bodenbelag,,
custom_field,,ausstattung->boden:TEPPICH+,,,Carpeted,Flooring,Teppich,Bodenbelag,,
custom_field,,ausstattung->boden:PARKETT+,,,Hardwood,Flooring,Parkett,Bodenbelag,,
custom_field,,ausstattung->boden:FERTIGPARKETT+,,,Engineered Wooden Flooring,Flooring,Fertigparkett,Bodenbelag,,
custom_field,,ausstattung->boden:LAMINAT+,,,Laminate,Flooring,Laminat,Bodenbelag,,
custom_field,,ausstattung->boden:DIELEN+,,,Plank,Flooring,Dielen,Bodenbelag,,
custom_field,,ausstattung->boden:KUNSTSTOFF+,,,Plastic,Flooring,Kunststoff,Bodenbelag,1.7.2,2023-03-14
custom_field,,ausstattung->boden:ESTRICH+,,,Cement,Flooring,Estrich,Bodenbelag,,
custom_field,,ausstattung->boden:DOPPELBODEN+,,,Double Floor,Flooring,Doppelboden,Bodenbelag,,
custom_field,,ausstattung->boden:LINOLEUM+,,,Linoleum,Flooring,Linoleum,Bodenbelag,,
custom_field,,ausstattung->boden:MARMOR+,,,Marble,Flooring,Marmor,Bodenbelag,,
custom_field,,ausstattung->boden:TERRAKOTTA+,,,Terracotta,Flooring,Terrakotta,Bodenbelag,,
custom_field,,ausstattung->boden:GRANIT+,,,Granite,Flooring,Granit,Bodenbelag,,
custom_field,,ausstattung->bad:DUSCHE+,,,Shower,Bath Features,Dusche,Badausstattung,,
custom_field,,ausstattung->bad:WANNE+,,,Bathtub,Bath Features,Badewanne,Badausstattung,,
custom_field,,ausstattung->bad:FENSTER+,,,Window,Bath Features,Fenster,Badausstattung,1.7.2,2023-03-14
custom_field,,ausstattung->bad:BIDET+,,,Bidet,Bath Features,Bidet,Badausstattung,,
custom_field,,ausstattung->bad:PISSOIR+,,,Urinal,Bath Features,Pissoir,Badausstattung,,
custom_field,,ausstattung->kueche:EBK+,,,Fitted Kitchen,Kitchen,Einbauküche,Küche,,
custom_field,,ausstattung->kueche:OFFEN+,,,Open Kitchen,Kitchen,Offene Küche,Küche,,
custom_field,,ausstattung->kueche:PANTRY+,,,Pantry Kitchen,Kitchen,Pantry-Küche,Küche,,
custom_field,,ausstattung->ausricht_balkon_terrasse:NORD+,,,North,Balcony/Terrace Orientation,Nord,Ausrichtung Balkon/Terrasse,,
custom_field,,ausstattung->ausricht_balkon_terrasse:OST+,,,East,Balcony/Terrace Orientation,Ost,Ausrichtung Balkon/Terrasse,,
custom_field,,ausstattung->ausricht_balkon_terrasse:SUED+,,,South,Balcony/Terrace Orientation,Süd,Ausrichtung Balkon/Terrasse,,
custom_field,,ausstattung->ausricht_balkon_terrasse:WEST+,,,West,Balcony/Terrace Orientation,West,Ausrichtung Balkon/Terrasse,,
custom_field,,ausstattung->ausricht_balkon_terrasse:NORDOST+,,,North/East,Balcony/Terrace Orientation,Nord-Ost,Ausrichtung Balkon/Terrasse,,
custom_field,,ausstattung->ausricht_balkon_terrasse:NORDWEST+,,,North/West,Balcony/Terrace Orientation,Nord-West,Ausrichtung Balkon/Terrasse,,
custom_field,,ausstattung->ausricht_balkon_terrasse:SUEDOST+,,,South/East,Balcony/Terrace Orientation,Süd-Ost,Ausrichtung Balkon/Terrasse,,
custom_field,,ausstattung->ausricht_balkon_terrasse:SUEDWEST+,,,South/West,Balcony/Terrace Orientation,Süd-West,Ausrichtung Balkon/Terrasse,,
custom_field,,ausstattung->sicherheitstechnik:ALARMANLAGE+,,,Alarm System,Security Systems,Alarmanlage,Sicherheitstechnik,,
custom_field,,ausstattung->sicherheitstechnik:KAMERA+,,,Camera,Security Systems,Kamera,Sicherheitstechnik,,
custom_field,,ausstattung->sicherheitstechnik:POLIZEIRUF+,,,Police Call,Security Systems,Polizeiruf,Sicherheitstechnik,,
custom_field,,ausstattung->stellplatzart:GARAGE+,,,Garage,Car Space Type,Garage,Stellplatzart,,
custom_field,,ausstattung->stellplatzart:TIEFGARAGE+,,,Deep-level Garage,Car Space Type,Tiefgarage,Stellplatzart,,
custom_field,,ausstattung->stellplatzart:CARPORT+,,,Carport,Car Space Type,Carport,Stellplatzart,,
custom_field,,ausstattung->stellplatzart:FREIPLATZ+,,,Outdoor Ground,Car Space Type,Freiplatz,Stellplatzart,,
custom_field,,ausstattung->stellplatzart:PARKHAUS+,,,Car Park,Car Space Type,Parkhaus,Stellplatzart,,
custom_field,,ausstattung->stellplatzart:DUPLEX+,,,Duplex,Car Space Type,Duplex,Stellplatzart,1.7.2,2023-03-14
custom_field,,ausstattung->angeschl_gastronomie:HOTELRESTAURANT+,,,Hotel-Restaurant,Connected Gastronomy,Hotel-Restaurant,angeschl. Gastronomie,,
custom_field,,ausstattung->angeschl_gastronomie:BAR+,,,Bar,Connected Gastronomy,Bar,angeschl. Gastronomie,,
custom_field,,ausstattung->serviceleistungen:BETREUTES_WOHNEN+,,,Assisted Living,Service,Betreutes Wohnen,Service,,
custom_field,,ausstattung->serviceleistungen:CATERING+,,,Catering,Service,Catering,Service,,
custom_field,,ausstattung->serviceleistungen:REINIGUNG+,,,Cleaning,Service,Reinigung,Service,,
custom_field,,ausstattung->serviceleistungen:EINKAUF+,,,Daily Shopping,Service,Einkauf,Service,,
custom_field,,ausstattung->serviceleistungen:WACHDIENST+,,,Security,Service,Wachdienst,Service,,
custom_field,,zustand_angaben->zustand:zustand_art:ERSTBEZUG,,,First Occupancy,Condition,Erstbezug,Zustand,1.2.0,2016-12-07
custom_field,,zustand_angaben->zustand:zustand_art:TEIL_VOLLRENOVIERUNGSBED,,,in Need of Renovation,Condition,renovierungsbedürftig,Zustand,1.2.0,2016-12-07
custom_field,,zustand_angaben->zustand:zustand_art:NEUWERTIG,,,in Mint Condition,Condition,neuwertig,Zustand,1.2.0,2016-12-07
custom_field,,zustand_angaben->zustand:zustand_art:TEIL_VOLLSANIERT,,,rehabilitated,Condition,saniert,Zustand,1.2.0,2016-12-07
custom_field,,zustand_angaben->zustand:zustand_art:TEIL_VOLLRENOVIERT,,,renovated,Condition,renoviert,Zustand,1.2.0,2016-12-07
custom_field,,zustand_angaben->zustand:zustand_art:TEIL_SANIERT,,,partly rehabilitated,Condition,teilsaniert,Zustand,1.2.0,2016-12-07
custom_field,,zustand_angaben->zustand:zustand_art:VOLL_SANIERT,,,fully rehabilitated,Condition,vollsaniert,Zustand,1.2.0,2016-12-07
custom_field,,zustand_angaben->zustand:zustand_art:SANIERUNGSBEDUERFTIG,,,in Need of Rehabilitation,Condition,sanierungsbedürftig,Zustand,1.2.0,2016-12-07
custom_field,,zustand_angaben->zustand:zustand_art:BAUFAELLIG,,,decrepit,Condition,baufällig,Zustand,1.2.0,2016-12-07
custom_field,,zustand_angaben->zustand:zustand_art:NACH_VEREINBARUNG,,,by Arrangement,Condition,nach Vereinbarung,Zustand,1.2.0,2016-12-07
custom_field,,zustand_angaben->zustand:zustand_art:MODERNISIERT,,,modernized,Condition,modernisiert,Zustand,1.2.0,2016-12-07
custom_field,,zustand_angaben->zustand:zustand_art:GEPFLEGT,,,neat,Condition,gepflegt,Zustand,1.2.0,2016-12-07
custom_field,,zustand_angaben->zustand:zustand_art:ROHBAU,,,Shell of Building,Condition,Rohbau,Zustand,1.2.0,2016-12-07
custom_field,,zustand_angaben->zustand:zustand_art:ENTKERNT,,,gutted,Condition,entkernt,Zustand,1.2.0,2016-12-07
custom_field,,zustand_angaben->zustand:zustand_art:ABRISSOBJEKT,,,Demolition Property,Condition,Abrissobjekt,Zustand,1.2.0,2016-12-07
custom_field,,zustand_angaben->zustand:zustand_art:PROJEKTIERT,,,projected,Condition,projektiert,Zustand,1.7.2,2023-03-14
custom_field,,zustand_angaben->letztemodernisierung,,,Last Modernization,,Letzte Modernisierung,,,
custom_field,,zustand_angaben->bauzone,,,Building Zone,,Bauzone,,,
custom_field,,zustand_angaben->altlasten,,,Legacy Issues,,Altlasten,,,
,,,,,,,,,,
# Energy pass fields for Austria prior to OpenImmo 1.2.5,,,,,,,,,,
# Energieausweis-Felder für Österreich vor OpenImmo 1.2.5,,,,,,,,,,
custom_field,epass,zustand_angaben->user_defined_simplefield:feldname:epass_hwbwert,,epass_unit,HWB Value,,HWB-Wert,,1.6.4,2021-04-15
custom_field,epass,zustand_angaben->user_defined_simplefield:feldname:epass_hwbklasse,,,HWB Class,,HWB-Klasse,,1.6.4,2021-04-15
custom_field,epass,zustand_angaben->user_defined_simplefield:feldname:epass_fgeewert,,number_format:9,fGEE Value,,fGEE-Wert,,1.6.4,2021-04-15
custom_field,epass,zustand_angaben->user_defined_simplefield:feldname:epass_fgeeklasse,,,fGEE Class,,fGEE-Klasse,,1.6.4,2021-04-15
,,,,,,,,,,
"The source definition „...energiepass->art“ is not a valid OpenImmo XML node, but smooths out a buggy export implementation of the OpenEstate ImmoTool.",,,,,,,,,,
"Die Quelldefinition „...energiepass->art“ ist kein gültiger OpenImmo-XML-Knoten, bügelt aber eine fehlerhafte Export-Implementierung des OpenEstate ImmoTools aus.",,,,,,,,,,
custom_field,epass,zustand_angaben->energiepass->art,,epass_type,Energy Pass Type,,Energieausweis-Art,,,
custom_field,epass,zustand_angaben->energiepass->epart,,epass_type,Energy Pass Type,,Energieausweis-Art,,,
custom_field,epass,zustand_angaben->energiepass->gueltig_bis,,date,Energy Pass valid until,,Energieausweis gültig bis,,1.6.0,2020-07-29
custom_field,epass,zustand_angaben->energiepass->energieverbrauchkennwert,,epass_unit,Energy Consumption Parameter,,Energieverbrauchskennwert,,,
custom_field,epass,zustand_angaben->energiepass->mitwarmwasser,,boolean,Warm Water included in Energy Consumption,,Warmwasser im Energieverbrauch enthalten,,,
custom_field,epass,zustand_angaben->energiepass->endenergiebedarf,,epass_unit,Final Energy Requirement,,Endenergiebedarf,,,
custom_field,epass,zustand_angaben->energiepass->hwbwert,,epass_unit,HWB Value,,HWB-Wert,,1.2.0,2016-12-07
custom_field,epass,zustand_angaben->energiepass->hwbklasse,,,HWB Class,,HWB-Klasse,,,
custom_field,epass,zustand_angaben->energiepass->fgeewert,,number_format:9,fGEE Value,,fGEE-Wert,,1.2.0,2016-12-07
custom_field,epass,zustand_angaben->energiepass->fgeeklasse,,,fGEE Class,,fGEE-Klasse,,1.2.0,2016-12-07
,,,,,,,,,,
# Energy pass fields since OpenImmo 1.2.6,,,,,,,,,,
# Energieausweis-Felder seit OpenImmo 1.2.6,,,,,,,,,,
,,,,,,,,,,
custom_field,epass,zustand_angaben->user_defined_simplefield:feldname:epass_stromwert,,epass_unit,Energy Consumption Parameter (Power),,Stromverbrauchskennwert,,,
custom_field,epass,zustand_angaben->user_defined_simplefield:feldname:epass_waermewert,,epass_unit,Energy Consumption Parameter (Heating),,Heizenergieverbrauchskennwert,,,
custom_field,epass,zustand_angaben->user_defined_simplefield:feldname:epass_wertklasse,,,Energy Efficiency Class,,Energieeffizienzklasse,,,
custom_field,epass,zustand_angaben->user_defined_simplefield:feldname:epass_baujahr,,,Build Year (Energy Pass),,Baujahr (Energieausweis),,1.6.0,2020-07-29
custom_field,epass,zustand_angaben->user_defined_simplefield:feldname:epass_ausstelldatum,,date,Energy Pass Issuing Date,,Energieausweis-Ausstellungsdatum,,,
custom_field,epass,zustand_angaben->user_defined_simplefield:feldname:epass_jahrgang,,epass_year,Energy Pass Year,,Energieausweis-Jahrgang,,,
custom_field,epass,zustand_angaben->user_defined_simplefield:feldname:epass_gebaeudeart,,epass_building_type,Energy Pass Building Type,,Energieausweis-Gebäudeart,,,
,,,,,,,,,,
# Energy pass fields since OpenImmo 1.2.7,,,,,,,,,,
# Energieausweis-Felder seit OpenImmo 1.2.7,,,,,,,,,,
,,,,,,,,,,
custom_field,epass,ausstattung->befeuerung:OEL+,,,Oil,Primary Energy Carrier,Öl,Primärenergieträger,,
custom_field,epass,ausstattung->befeuerung:GAS+,,,Gas,Primary Energy Carrier,Gas,Primärenergieträger,,
custom_field,epass,ausstattung->befeuerung:ELEKTRO+,,,Electric,Primary Energy Carrier,Elektro,Primärenergieträger,,
custom_field,epass,ausstattung->befeuerung:ALTERNATIV+,,,Alternative,Primary Energy Carrier,Alternativ,Primärenergieträger,,
custom_field,epass,ausstattung->befeuerung:SOLAR+,,,Solar,Primary Energy Carrier,Solar,Primärenergieträger,,
custom_field,epass,ausstattung->befeuerung:ERDWAERME+,,,Geothermal,Primary Energy Carrier,Erdwärme,Primärenergieträger,,
custom_field,epass,ausstattung->befeuerung:LUFTWP+,,,Air Heat Pump,Primary Energy Carrier,Luft-Wärmepumpe,Primärenergieträger,,
custom_field,epass,ausstattung->befeuerung:FERN+,,,District Heat,Primary Energy Carrier,Fernwärme,Primärenergieträger,1.8.0,2022-07-22
custom_field,epass,ausstattung->befeuerung:BLOCK+,,,Thermal Power Station,Primary Energy Carrier,Blockheizkraftwerk,Primärenergieträger,,
custom_field,epass,ausstattung->befeuerung:WASSER-ELEKTRO+,,,Water Electric Heating,Primary Energy Carrier,Warmwasser-Elektroheizung,Primärenergieträger,,
custom_field,epass,ausstattung->befeuerung:PELLET+,,,Pellets,Primary Energy Carrier,Pellets,Primärenergieträger,,
custom_field,epass,ausstattung->befeuerung:KOHLE+,,,Coal,Primary Energy Carrier,Kohle,Primärenergieträger,,
custom_field,epass,ausstattung->befeuerung:HOLZ+,,,Wood Chips,Primary Energy Carrier,Holz-Hackschnitzel,Primärenergieträger,,
custom_field,epass,ausstattung->befeuerung:FLUESSIGGAS+,,,Liquid Gas (Own Tank),Primary Energy Carrier,Flüssiggas (eigener Tank),Primärenergieträger,,
custom_field,epass,ausstattung->befeuerung:ERDGAS_LEICHT+,,,Natural Gas (light),Primary Energy Carrier,Erdgas (leicht),Primärenergieträger,1.8.0,2024-07-22
custom_field,epass,ausstattung->befeuerung:ERDGAS_SCHWER+,,,Natural Gas (heavy),Primary Energy Carrier,Erdgas (schwer),Primärenergieträger,1.8.0,2024-07-22
custom_field,epass,ausstattung->befeuerung:FERNWAERME_DAMPF+,,,District Heat (Steam),Primary Energy Carrier,Fernwärme (Dampf),Primärenergieträger,1.8.0,2024-07-22
custom_field,epass,ausstattung->befeuerung:NAHWAERME+,,,Local Heat,Primary Energy Carrier,Nahwärme,Primärenergieträger,1.8.0,2024-07-22
custom_field,epass,ausstattung->befeuerung:WAERMELIEFERUNG+,,,Heat Delivery,Primary Energy Carrier,Wärmelieferung,Primärenergieträger,1.8.0,2024-07-22
custom_field,epass,ausstattung->befeuerung:BIOENERGIE+,,,Bio Energy,Primary Energy Carrier,Bioenergie,Primärenergieträger,1.8.0,2024-07-22
custom_field,epass,ausstattung->befeuerung:WINDENERGIE+,,,Wind Energy,Primary Energy Carrier,Windenergie,Primärenergieträger,1.8.0,2024-07-22
custom_field,epass,ausstattung->befeuerung:WASSERENERGIE+,,,Water Energy,Primary Energy Carrier,Wasserenergie,Primärenergieträger,1.8.0,2024-07-22
custom_field,epass,ausstattung->befeuerung:UMWELTWAERME+,,,Environmental Heat,Primary Energy Carrier,Umweltwärme,Primärenergieträger,1.8.0,2024-07-22
custom_field,epass,ausstattung->befeuerung:KWK_FOSSIL+,,,Combined Heat and Power (fossil),Primary Energy Carrier,Kraft-Wärme-Kopplung (fossil),Primärenergieträger,1.8.0,2024-07-22
custom_field,epass,ausstattung->befeuerung:KWK_ERNEUERBAR+,,,Combined Heat and Power (renewable),Primary Energy Carrier,Kraft-Wärme-Kopplung (erneuerbar),Primärenergieträger,1.8.0,2024-07-22
custom_field,epass,ausstattung->befeuerung:KWK_REGENERATIV+,,,Combined Heat and Power (regenerative),Primary Energy Carrier,Kraft-Wärme-Kopplung (regenerativ),Primärenergieträger,1.8.0,2024-07-22
custom_field,epass,ausstattung->befeuerung:KWK_BIO+,,,Combined Heat and Power (Bio),Primary Energy Carrier,Kraft-Wärme-Kopplung (Bio),Primärenergieträger,1.8.0,2024-07-22
custom_field,epass,zustand_angaben->energiepass->primaerenergietraeger,,epass_energy_carriers,Primary Energy Carrier,,Primärenergieträger,,1.5.0,2020-02-09
custom_field,epass,zustand_angaben->energiepass->stromwert,,epass_unit,Energy Consumption Parameter (Power),,Stromverbrauchskennwert,,,
custom_field,epass,zustand_angaben->energiepass->waermewert,,epass_unit,Energy Consumption Parameter (Heating),,Heizenergieverbrauchskennwert,,,
custom_field,epass,zustand_angaben->energiepass->wertklasse,,,Energy Efficiency Class,,Energieeffizienzklasse,,,
custom_field,epass,zustand_angaben->energiepass->baujahr,,,Build Year (Energy Pass),,Baujahr (Energieausweis),,1.6.0,2020-07-29
custom_field,epass,zustand_angaben->energiepass->ausstelldatum,,date,Energy Pass Issuing Date,,Energieausweis-Ausstellungsdatum,,,
custom_field,epass,zustand_angaben->energiepass->jahrgang,,epass_year,Energy Pass Year,,Energieausweis-Jahrgang,,,
custom_field,epass,zustand_angaben->energiepass->gebaeudeart,,epass_building_type,Energy Pass Building Type,,Energieausweis-Gebäudeart,,,
custom_field,epass,zustand_angaben->energiepass->epasstext,,,Energy Pass Remarks,,Energieausweis-Anmerkungen,,,
custom_field,epass,zustand_angaben->energiepass->geg2018,,,GEG Information,,Angaben gem. GEG,,1.8.0,2024-07-22
,,,,,,,,,,
custom_field,,infrastruktur->distanzen:distanz_zu:FLUGHAFEN,,unit:km:1,Distance to Airport,,Distanz zum Flughafen,,,
custom_field,,infrastruktur->distanzen:distanz_zu:FERNBAHNHOF,,unit:km:1,Distance to Main-line Station,,Distanz zum Fernbahnhof,,,
custom_field,,infrastruktur->distanzen:distanz_zu:AUTOBAHN,,unit:km:1,Distance to Expressway,,Distanz zur Autobahn,,,
custom_field,,infrastruktur->distanzen:distanz_zu:US_BAHN,,unit:km:1,Distance to Subway / City Train Station,,Distanz zu U/S-Bahn-Haltestelle,,,
custom_field,,infrastruktur->distanzen:distanz_zu:BUS,,unit:km:1,Distance to Bus Station,,Distanz zu Bushaltestelle,,,
custom_field,,infrastruktur->distanzen:distanz_zu:KINDERGAERTEN,,unit:km:1,Distance to Kindergarten,,Distanz zum Kindergarten,,1.0.6,2016-07-06
custom_field,,infrastruktur->distanzen:distanz_zu:GRUNDSCHULE,,unit:km:1,Distance to Primary School,,Distanz zur Grundschule,,,
custom_field,,infrastruktur->distanzen:distanz_zu:HAUPTSCHULE,,unit:km:1,Distance to Hauptschule,,Distanz zur Hauptschule,,,
custom_field,,infrastruktur->distanzen:distanz_zu:REALSCHULE,,unit:km:1,Distance to Realschule,,Distanz zur Realschule,,,
custom_field,,infrastruktur->distanzen:distanz_zu:GESAMTSCHULE,,unit:km:1,Distance to Integrated School,,Distanz zur Gesamtschule,,,
custom_field,,infrastruktur->distanzen:distanz_zu:GYMNASIUM,,unit:km:1,Distance to Secondary School,,Distanz zum Gymnasium,,,
custom_field,,infrastruktur->distanzen:distanz_zu:ZENTRUM,,unit:km:1,Distance to City Center,,Distanz zum Zentrum,,,
custom_field,,infrastruktur->distanzen:distanz_zu:EINKAUFSMOEGLICHKEITEN,,unit:km:1,Distance to Shopping Facilities,,Distanz zu Einkaufsmöglichkeiten,,,
custom_field,,infrastruktur->distanzen:distanz_zu:GASTSTAETTEN,,unit:km:1,Distance to Restaurants,,Distanz zu Gaststätten,,,
custom_field,,infrastruktur->distanzen_sport:distanz_zu_sport:STRAND,,unit:km:1,Distance to Beach,,Distanz zum Strand,,,
custom_field,,infrastruktur->distanzen_sport:distanz_zu_sport:SEE,,unit:km:1,Distance to Lake,,Distanz zum See,,,
custom_field,,infrastruktur->distanzen_sport:distanz_zu_sport:MEER,,unit:km:1,Distance to Sea,,Distanz zum Meer,,,
custom_field,,infrastruktur->distanzen_sport:distanz_zu_sport:SKIGEBIET,,unit:km:1,Distance to Ski Area,,Distanz zum Skigebiet,,,
custom_field,,infrastruktur->distanzen_sport:distanz_zu_sport:SPORTANLAGEN,,unit:km:1,Distance to Sports Grounds,,Distanz zu Sportanlagen,,,
custom_field,,infrastruktur->distanzen_sport:distanz_zu_sport:WANDERGEBIETE,,unit:km:1,Distance to Hiking Areas,,Distanz zu Wandergebieten,,,
custom_field,,infrastruktur->distanzen_sport:distanz_zu_sport:NAHERHOLUNG,,unit:km:1,Distance to Recreational Area,,Distanz zum Naherholungsgebiet,,,
custom_field,,verwaltung_objekt->verfuegbar_ab,,,Available from,,Immobilie ist verfügbar ab,,,
custom_field,,verwaltung_objekt->abdatum,,date,Available from,,Immobilie ist verfügbar ab,,,
custom_field,,verwaltung_objekt->bisdatum,,date,Available until,,Immobilie ist verfügbar bis,,,
custom_field,,verwaltung_objekt->min_mietdauer=not_empty:min_dauer:TAG,,,Min. Length of Lease (Days),,Mindest-Mietdauer (Tage),,,
custom_field,,verwaltung_objekt->min_mietdauer=not_empty:min_dauer:WOCHE,,,Min. Length of Lease (Weeks),,Mindest-Mietdauer (Wochen),,,
custom_field,,verwaltung_objekt->min_mietdauer=not_empty:min_dauer:MONAT,,,Min. Length of Lease (Months),,Mindest-Mietdauer (Monate),,,
custom_field,,verwaltung_objekt->min_mietdauer=not_empty:min_dauer:JAHR,,,Min. Length of Lease (Years),,Mindest-Mietdauer (Jahre),,,
custom_field,,verwaltung_objekt->max_mietdauer=not_empty:max_dauer:TAG,,,Max. Length of Lease (Days),,maximale Mietdauer (Tage),,,
custom_field,,verwaltung_objekt->max_mietdauer=not_empty:max_dauer:WOCHE,,,Max. Length of Lease (Weeks),,maximale Mietdauer (Wochen),,,
custom_field,,verwaltung_objekt->max_mietdauer=not_empty:max_dauer:MONAT,,,Max. Length of Lease (Months),,maximale Mietdauer (Monate),,,
custom_field,,verwaltung_objekt->max_mietdauer=not_empty:max_dauer:JAHR,,,Max. Length of Lease (Years),,maximale Mietdauer (Jahre),,,
custom_field,,verwaltung_objekt->versteigerungstermin,,date,Auction Date,,Versteigerungstermin,,,
custom_field,,verwaltung_objekt->zugang,,,Access,,Zugang,,,
custom_field,,verwaltung_objekt->laufzeit,,,Remaining Term (Leasehold),,Restlaufzeit (Erbpacht),,1.1.0,2016-07-15
custom_field,,verwaltung_objekt->max_personen,,,Max. Number of Residents,,Maximale Anzahl Bewohner,,,
custom_field,,verwaltung_objekt->branchen,,,Industries,,Branchen,,,
,,,,,,,,,,
# Example for mapping foreign language text fields (output via immonex User-defined Properties widget),,,,,,,,,,
# Beispiel für das Mapping von fremdsprachigen Textfeldern (Ausgabe mit dem immonex-Widget für benutzerdefinierte Eigenschaften),,,,,,,,,,
#custom_field,infotext_i18n,freitexte->objekt_text:lang:en,,,Infos,,Infos,,,
